,date,temperature,dew_point,humidity,wind_speed,pressure,season,year,month,weekday,casual,casual_revenue,registered,registered_revenue,bikes_count,total_revenue,holiday_holiday,holiday_not a holiday,working_day_weekend,working_day_working day,weather_condition_Clear_Partly cloudy,"weather_condition_Light Snow, Light Rain",weather_condition_Mist_Cloudy
0,2011-01-01,48.4,42.2,82.8,8,30.1,1,2011,1,6,331,2648,654,2943,985,5591,0,1,1,0,0,0,1
1,2011-01-02,50.4,40.8,73.8,11,30,1,2011,1,0,131,1048,670,3015,801,4063,0,1,1,0,0,0,1
2,2011-01-03,33.6,13.2,44.2,10.8,30.2,1,2011,1,1,120,960,1229,5530.5,1349,6490.5,0,1,0,1,1,0,0
3,2011-01-04,33.7,20.8,60,6.7,30,1,2011,1,2,108,864,1454,6543,1562,7407,0,1,0,1,1,0,0
4,2011-01-05,36.6,15.7,43.6,8.4,29.9,1,2011,1,3,82,656,1518,6831,1600,7487,0,1,0,1,1,0,0
5,2011-01-06,33.6,17.8,53.7,4.1,29.7,1,2011,1,4,88,704,1518,6831,1606,7535,0,1,0,1,1,0,0
6,2011-01-07,33.6,16.9,51.5,7,29.5,1,2011,1,5,148,1184,1362,6129,1510,7313,0,1,0,1,0,0,1
7,2011-01-08,30.7,19.3,65.5,7.6,29.5,1,2011,1,6,68,544,891,4009.5,959,4553.5,0,1,1,0,0,0,1
8,2011-01-09,28,8.5,44.2,15.2,30.1,1,2011,1,0,54,432,768,3456,822,3888,0,1,1,0,1,0,0
9,2011-01-10,29.2,12.1,49.1,9.3,30.3,1,2011,1,1,41,328,1280,5760,1321,6088,0,1,0,1,1,0,0
10,2011-01-11,30.6,24.3,79.4,4.5,30,1,2011,1,2,43,344,1220,5490,1263,5834,0,1,0,1,0,0,1
11,2011-01-12,31,19.5,64.7,11.7,29.9,1,2011,1,3,25,200,1137,5116.5,1162,5316.5,0,1,0,1,1,0,0
12,2011-01-13,30.6,13.1,48.4,12.8,30.3,1,2011,1,4,38,304,1368,6156,1406,6460,0,1,0,1,1,0,0
13,2011-01-14,30,15,54.7,5.9,30.4,1,2011,1,5,54,432,1367,6151.5,1421,6583.5,0,1,0,1,1,0,0
14,2011-01-15,37.1,19.3,50.2,6.6,30.1,1,2011,1,6,222,1776,1026,4617,1248,6393,0,1,1,0,0,0,1
15,2011-01-16,36.8,18.6,48.4,8.2,30.1,1,2011,1,0,251,2008,953,4288.5,1204,6296.5,0,1,1,0,1,0,0
16,2011-01-17,31.2,18.4,60.9,8.2,30.2,1,2011,1,1,117,936,883,3973.5,1000,4909.5,1,0,1,0,0,0,1
17,2011-01-18,33.3,26.5,88.2,9.6,29.9,1,2011,1,2,9,72,674,3033,683,3105,0,1,0,1,0,0,1
18,2011-01-19,39.6,33.9,82.4,6.2,29.8,1,2011,1,3,78,624,1572,7074,1650,7698,0,1,0,1,0,0,1
19,2011-01-20,39.3,23.6,54,8.9,30,1,2011,1,4,83,664,1844,8298,1927,8962,0,1,0,1,0,0,1
20,2011-01-21,33.1,14.5,53.9,13.1,29.8,1,2011,1,5,75,600,1468,6606,1543,7206,0,1,0,1,1,0,0
21,2011-01-22,21.1,0.4,41.3,7.6,30,1,2011,1,6,93,744,888,3996,981,4740,0,1,1,0,1,0,0
22,2011-01-23,24.4,4.4,44.5,10,30.1,1,2011,1,0,150,1200,836,3762,986,4962,0,1,1,0,1,0,0
23,2011-01-24,24.5,7.9,49.8,6.7,30.4,1,2011,1,1,86,688,1330,5985,1416,6673,0,1,0,1,1,0,0
24,2011-01-25,35.8,23.7,62.4,5.5,30.1,1,2011,1,2,186,1488,1799,8095.5,1985,9583.5,0,1,0,1,0,0,1
25,2011-01-26,34.8,16.1,89.3,12.1,29.8,1,2011,1,3,34,272,472,2124,506,2396,0,1,0,1,0,1,0
26,2011-01-27,34.8,25,68.4,9.1,29.9,1,2011,1,4,15,120,416,1872,431,1992,0,1,0,1,1,0,0
27,2011-01-28,33.3,28.3,82.6,4.9,29.8,1,2011,1,5,38,304,1129,5080.5,1167,5384.5,0,1,0,1,0,0,1
28,2011-01-29,33.6,23.1,65.7,6.4,30,1,2011,1,6,123,984,975,4387.5,1098,5371.5,0,1,1,0,1,0,0
29,2011-01-30,35,26.4,72.2,3,30.1,1,2011,1,0,140,1120,956,4302,1096,5422,0,1,1,0,1,0,0
30,2011-01-31,31.3,19.2,61,7.4,30.4,1,2011,1,1,42,336,1459,6565.5,1501,6901.5,0,1,0,1,0,0,1
31,2011-02-01,32.5,23,85.6,2.1,30.2,1,2011,2,2,47,376,1313,5908.5,1360,6284.5,0,1,0,1,0,0,1
32,2011-02-02,38.9,33.5,85.2,8.2,29.8,1,2011,2,3,72,576,1454,6543,1526,7119,0,1,0,1,0,0,1
33,2011-02-03,32.8,13.4,44.9,11.9,30.4,1,2011,2,4,61,488,1489,6700.5,1550,7188.5,0,1,0,1,1,0,0
34,2011-02-04,34.8,21.1,58.3,5.3,30.3,1,2011,2,5,88,704,1620,7290,1708,7994,0,1,0,1,0,0,1
35,2011-02-05,36.3,34.8,96.3,5.8,29.8,1,2011,2,6,100,800,905,4072.5,1005,4872.5,0,1,1,0,0,0,1
36,2011-02-06,41.4,27.2,57.6,6.2,29.9,1,2011,2,0,354,2832,1269,5710.5,1623,8542.5,0,1,1,0,1,0,0
37,2011-02-07,40.1,29.6,74.9,1.9,29.9,1,2011,2,1,120,960,1592,7164,1712,8124,0,1,0,1,1,0,0
38,2011-02-08,35.7,19.1,54.4,15.3,29.9,1,2011,2,2,64,512,1466,6597,1530,7109,0,1,0,1,1,0,0
39,2011-02-09,27.6,12.1,54.9,8.7,30.2,1,2011,2,3,53,424,1552,6984,1605,7408,0,1,0,1,0,0,1
40,2011-02-10,28.7,8.4,45.2,9.3,30.1,1,2011,2,4,47,376,1491,6709.5,1538,7085.5,0,1,0,1,1,0,0
41,2011-02-11,31.9,15,53.2,4.1,30.1,1,2011,2,5,149,1192,1597,7186.5,1746,8378.5,0,1,0,1,1,0,0
42,2011-02-12,35.6,19,55.3,8.5,30,1,2011,2,6,288,2304,1184,5328,1472,7632,0,1,1,0,1,0,0
43,2011-02-13,43.5,23.2,47.9,10.8,30,1,2011,2,0,397,3176,1192,5364,1589,8540,0,1,1,0,1,0,0
44,2011-02-14,53.2,26.5,37.7,17.6,29.8,1,2011,2,1,208,1664,1705,7672.5,1913,9336.5,0,1,0,1,1,0,0
45,2011-02-15,39.8,10.8,32,12.8,30.3,1,2011,2,2,140,1120,1675,7537.5,1815,8657.5,0,1,0,1,1,0,0
46,2011-02-16,44.5,22.3,43,10.3,30.3,1,2011,2,3,218,1744,1897,8536.5,2115,10280.5,0,1,0,1,1,0,0
47,2011-02-17,55,36.5,51.3,9.6,30.1,1,2011,2,4,259,2072,2216,9972,2475,12044,0,1,0,1,1,0,0
48,2011-02-18,62.7,41.2,51.8,10.9,29.9,1,2011,2,5,579,4632,2348,10566,2927,15198,0,1,0,1,1,0,0
49,2011-02-19,51.8,9.7,19.3,21.5,29.9,1,2011,2,6,532,4256,1103,4963.5,1635,9219.5,0,1,1,0,1,0,0
50,2011-02-20,41.1,18.5,41.4,9.5,30.2,1,2011,2,0,639,5112,1173,5278.5,1812,10390.5,0,1,1,0,1,0,0
51,2011-02-21,40.5,28.6,67.6,13.8,29.8,1,2011,2,1,195,1560,912,4104,1107,5664,1,0,1,0,0,0,1
52,2011-02-22,30.5,21.7,71.3,10.7,30,1,2011,2,2,74,592,1376,6192,1450,6784,0,1,0,1,1,0,0
53,2011-02-23,35.4,14.1,43.4,4,30.3,1,2011,2,3,139,1112,1778,8001,1917,9113,0,1,0,1,1,0,0
54,2011-02-24,42.8,32.8,71.4,11.2,30.1,1,2011,2,4,100,800,1707,7681.5,1807,8481.5,0,1,0,1,0,0,1
55,2011-02-25,49.5,41.8,77.5,13.3,29.6,1,2011,2,5,120,960,1341,6034.5,1461,6994.5,0,1,0,1,0,0,1
56,2011-02-26,41.3,25.3,53.8,7.8,30.1,1,2011,2,6,424,3392,1545,6952.5,1969,10344.5,0,1,1,0,1,0,0
57,2011-02-27,46.4,35.6,68.3,5,30,1,2011,2,0,694,5552,1708,7686,2402,13238,0,1,1,0,1,0,0
58,2011-02-28,54.1,49.9,87.2,11.6,29.7,1,2011,2,1,81,648,1365,6142.5,1446,6790.5,0,1,0,1,0,0,1
59,2011-03-01,39.7,23.6,54.1,9,30.2,1,2011,3,2,137,1096,1714,7713,1851,8809,0,1,0,1,1,0,0
60,2011-03-02,46.4,23.5,45,13.4,30.2,1,2011,3,3,231,1848,1903,8563.5,2134,10411.5,0,1,0,1,1,0,0
61,2011-03-03,33.3,6.5,33.4,9.1,30.6,1,2011,3,4,123,984,1562,7029,1685,8013,0,1,0,1,1,0,0
62,2011-03-04,39.4,25,61.1,8.4,30.6,1,2011,3,5,214,1712,1730,7785,1944,9497,0,1,0,1,0,0,1
63,2011-03-05,48.9,43.4,83.1,10.6,30.3,1,2011,3,6,640,5120,1437,6466.5,2077,11586.5,0,1,1,0,0,0,1
64,2011-03-06,48.4,47.6,97.3,13.9,29.8,1,2011,3,0,114,912,491,2209.5,605,3121.5,0,1,1,0,0,0,1
65,2011-03-07,38.4,22.6,60.8,15.8,30,1,2011,3,1,244,1952,1628,7326,1872,9278,0,1,0,1,1,0,0
66,2011-03-08,42.1,19,42.8,4.8,30.5,1,2011,3,2,316,2528,1817,8176.5,2133,10704.5,0,1,0,1,1,0,0
67,2011-03-09,41.8,34.7,79.3,8.9,30.4,1,2011,3,3,191,1528,1700,7650,1891,9178,0,1,0,1,0,0,1
68,2011-03-10,52,51.6,98.8,12.2,29.8,1,2011,3,4,46,368,577,2596.5,623,2964.5,0,1,0,1,0,1,0
69,2011-03-11,44.5,32.5,70.6,8.5,29.8,1,2011,3,5,247,1976,1730,7785,1977,9761,0,1,0,1,0,0,1
70,2011-03-12,45,30.3,60.6,8.9,29.9,1,2011,3,6,724,5792,1408,6336,2132,12128,0,1,1,0,1,0,0
71,2011-03-13,50.5,27.9,53,11.1,30.1,1,2011,3,0,982,7856,1435,6457.5,2417,14313.5,0,1,1,0,1,0,0
72,2011-03-14,45,26.4,49.8,6.2,30.3,1,2011,3,1,359,2872,1687,7591.5,2046,10463.5,0,1,0,1,1,0,0
73,2011-03-15,44.1,32.7,68.6,7.7,30.4,1,2011,3,2,289,2312,1767,7951.5,2056,10263.5,0,1,0,1,0,0,1
74,2011-03-16,47.2,41.9,83.3,8.3,30.1,1,2011,3,3,321,2568,1871,8419.5,2192,10987.5,0,1,0,1,0,0,1
75,2011-03-17,53,39.1,60.4,8.6,30.2,1,2011,3,4,424,3392,2320,10440,2744,13832,0,1,0,1,1,0,0
76,2011-03-18,63.8,45.5,52.8,9.5,29.9,1,2011,3,5,884,7072,2355,10597.5,3239,17669.5,0,1,0,1,1,0,0
77,2011-03-19,58,29.9,38.7,15.7,30.2,1,2011,3,6,1424,11392,1693,7618.5,3117,19010.5,0,1,1,0,1,0,0
78,2011-03-20,45.7,26.1,47.5,9,30.5,1,2011,3,0,1047,8376,1424,6408,2471,14784,0,1,1,0,1,0,0
79,2011-03-21,53,45,75.1,11.8,30.1,2,2011,3,1,401,3208,1676,7542,2077,10750,0,1,0,1,0,0,1
80,2011-03-22,55.4,42,63,9.4,29.9,2,2011,3,2,460,3680,2243,10093.5,2703,13773.5,0,1,0,1,1,0,0
81,2011-03-23,47,43,85.7,10.9,29.6,2,2011,3,3,203,1624,1918,8631,2121,10255,0,1,0,1,0,0,1
82,2011-03-24,41.1,35.8,85.5,10.7,29.7,2,2011,3,4,166,1328,1699,7645.5,1865,8973.5,0,1,0,1,0,0,1
83,2011-03-25,39.5,21.3,50.4,10,30,2,2011,3,5,300,2400,1910,8595,2210,10995,0,1,0,1,1,0,0
84,2011-03-26,39.2,16.1,40.5,8.5,30,2,2011,3,6,981,7848,1515,6817.5,2496,14665.5,0,1,1,0,1,0,0
85,2011-03-27,38,20.6,52.8,7.7,30,2,2011,3,0,472,3776,1221,5494.5,1693,9270.5,0,1,1,0,0,0,1
86,2011-03-28,39,9.8,31.4,9.2,30.1,2,2011,3,1,222,1776,1806,8127,2028,9903,0,1,0,1,1,0,0
87,2011-03-29,43.1,14,32.1,9.5,30.2,2,2011,3,2,317,2536,2108,9486,2425,12022,0,1,0,1,1,0,0
88,2011-03-30,41.2,33,75.6,8,30,2,2011,3,3,168,1344,1368,6156,1536,7500,0,1,0,1,0,0,1
89,2011-03-31,39.6,37.7,92.6,9.1,29.8,2,2011,3,4,179,1432,1506,6777,1685,8209,0,1,0,1,0,1,0
90,2011-04-01,42.2,33,75.6,10.5,29.6,2,2011,4,5,307,2456,1920,8640,2227,11096,0,1,0,1,0,0,1
91,2011-04-02,44.4,28.7,67.8,10.8,29.7,2,2011,4,6,898,7184,1354,6093,2252,13277,0,1,1,0,0,0,1
92,2011-04-03,50.4,24,47.9,7.4,30,2,2011,4,0,1651,13208,1598,7191,3249,20399,0,1,1,0,1,0,0
93,2011-04-04,67.2,41.8,43.1,16.1,29.6,2,2011,4,1,734,5872,2381,10714.5,3115,16586.5,0,1,0,1,1,0,0
94,2011-04-05,54,44.1,71.8,16.4,29.5,2,2011,4,2,167,1336,1628,7326,1795,8662,0,1,0,1,0,0,1
95,2011-04-06,51.1,22.3,47.2,11.1,30,2,2011,4,3,413,3304,2395,10777.5,2808,14081.5,0,1,0,1,1,0,0
96,2011-04-07,55.1,40.7,60.2,7,30,2,2011,4,4,571,4568,2570,11565,3141,16133,0,1,0,1,1,0,0
97,2011-04-08,45.6,41.6,86.5,10.5,30.1,2,2011,4,5,172,1376,1299,5845.5,1471,7221.5,0,1,0,1,0,0,1
98,2011-04-09,46.3,43,88.7,6.4,30.1,2,2011,4,6,879,7032,1576,7092,2455,14124,0,1,1,0,0,0,1
99,2011-04-10,53.7,49.5,86,6,30.1,2,2011,4,0,1188,9504,1707,7681.5,2895,17185.5,0,1,1,0,0,0,1
100,2011-04-11,67.4,58.3,75.7,13.1,29.8,2,2011,4,1,855,6840,2493,11218.5,3348,18058.5,0,1,0,1,0,0,1
101,2011-04-12,60,52,76.3,12.9,29.7,2,2011,4,2,257,2056,1777,7996.5,2034,10052.5,0,1,0,1,0,0,1
102,2011-04-13,51.7,47.7,87.5,9.8,29.8,2,2011,4,3,209,1672,1953,8788.5,2162,10460.5,0,1,0,1,0,0,1
103,2011-04-14,57.7,39.4,54.1,5,30.1,2,2011,4,4,529,4232,2738,12321,3267,16553,0,1,0,1,1,0,0
104,2011-04-15,55.5,44.9,68.7,10.3,30.3,2,2011,4,5,642,5136,2484,11178,3126,16314,1,0,1,0,1,0,0
105,2011-04-16,57.4,54,88.7,18.1,29.7,2,2011,4,6,121,968,674,3033,795,4001,0,1,1,0,0,1,0
106,2011-04-17,57.1,30.7,47.9,12.6,29.8,2,2011,4,0,1558,12464,2186,9837,3744,22301,0,1,1,0,1,0,0
107,2011-04-18,61.8,44.5,55.2,6.8,29.9,2,2011,4,1,669,5352,2760,12420,3429,17772,0,1,0,1,1,0,0
108,2011-04-19,61.4,50,66.4,6.3,30,2,2011,4,2,409,3272,2795,12577.5,3204,15849.5,0,1,0,1,0,0,1
109,2011-04-20,70.5,53.3,59.7,11.2,29.8,2,2011,4,3,613,4904,3331,14989.5,3944,19893.5,0,1,0,1,1,0,0
110,2011-04-21,56.9,27.5,41.4,13.6,30.2,2,2011,4,4,745,5960,3444,15498,4189,21458,0,1,0,1,1,0,0
111,2011-04-22,45.9,35.9,75.6,9,30.4,2,2011,4,5,177,1416,1506,6777,1683,8193,0,1,0,1,0,0,1
112,2011-04-23,53,50.2,91.5,8,30.1,2,2011,4,6,1462,11696,2574,11583,4036,23279,0,1,1,0,0,0,1
113,2011-04-24,67.2,62.1,85,6.9,30,2,2011,4,0,1710,13680,2481,11164.5,4191,24844.5,0,1,1,0,0,0,1
114,2011-04-25,67.1,62.1,86.2,6,30,2,2011,4,1,773,6184,3300,14850,4073,21034,0,1,0,1,1,0,0
115,2011-04-26,72.1,63.1,74,13.8,29.9,2,2011,4,2,678,5424,3722,16749,4400,22173,0,1,0,1,1,0,0
116,2011-04-27,71,66.4,85.8,12.7,29.9,2,2011,4,3,547,4376,3325,14962.5,3872,19338.5,0,1,0,1,0,0,1
117,2011-04-28,71.8,61.3,71.5,13.7,29.7,2,2011,4,4,569,4552,3489,15700.5,4058,20252.5,0,1,0,1,0,0,1
118,2011-04-29,61.7,40.3,46,10.1,29.8,2,2011,4,5,878,7024,3717,16726.5,4595,23750.5,0,1,0,1,1,0,0
119,2011-04-30,58.6,39.6,50.1,10.1,30.1,2,2011,4,6,1965,15720,3347,15061.5,5312,30781.5,0,1,1,0,1,0,0
120,2011-05-01,56.6,49,76.2,4.5,30.3,2,2011,5,0,1138,9104,2213,9958.5,3351,19062.5,0,1,1,0,0,0,1
121,2011-05-02,64.4,55.6,73.4,7.8,30.1,2,2011,5,1,847,6776,3554,15993,4401,22769,0,1,0,1,0,0,1
122,2011-05-03,71.3,59.9,68.5,14.5,30,2,2011,5,2,603,4824,3848,17316,4451,22140,0,1,0,1,0,0,1
123,2011-05-04,52.5,44.6,75.9,14,30.1,2,2011,5,3,255,2040,2378,10701,2633,12741,0,1,0,1,0,0,1
124,2011-05-05,56.7,31.2,45,12.1,30.1,2,2011,5,4,614,4912,3819,17185.5,4433,22097.5,0,1,0,1,1,0,0
125,2011-05-06,59.9,43.7,57.1,10.1,29.9,2,2011,5,5,894,7152,3714,16713,4608,23865,0,1,0,1,1,0,0
126,2011-05-07,62.5,44.3,54.1,6.9,29.9,2,2011,5,6,1612,12896,3102,13959,4714,26855,0,1,1,0,1,0,0
127,2011-05-08,63.5,50,63.1,3.6,29.9,2,2011,5,0,1401,11208,2932,13194,4333,24402,0,1,1,0,1,0,0
128,2011-05-09,63.8,47.8,58.7,7.1,29.9,2,2011,5,1,664,5312,3698,16641,4362,21953,0,1,0,1,1,0,0
129,2011-05-10,63.8,43.3,49,5.4,30,2,2011,5,2,694,5552,4109,18490.5,4803,24042.5,0,1,0,1,1,0,0
130,2011-05-11,64.1,51.2,64.7,5,30,2,2011,5,3,550,4400,3632,16344,4182,20744,0,1,0,1,1,0,0
131,2011-05-12,63.5,55.2,75.4,7.8,30,2,2011,5,4,695,5560,4169,18760.5,4864,24320.5,0,1,0,1,1,0,0
132,2011-05-13,62.1,57.9,86.5,7.8,29.9,2,2011,5,5,692,5536,3413,15358.5,4105,20894.5,0,1,0,1,0,0,1
133,2011-05-14,62.5,60.6,93.7,5.1,29.7,2,2011,5,6,902,7216,2507,11281.5,3409,18497.5,0,1,1,0,0,0,1
134,2011-05-15,66.3,62.3,87.8,6.6,29.6,2,2011,5,0,1582,12656,2971,13369.5,4553,26025.5,0,1,1,0,0,0,1
135,2011-05-16,68.2,60.5,78,6.6,29.6,2,2011,5,1,773,6184,3185,14332.5,3958,20516.5,0,1,0,1,1,0,0
136,2011-05-17,66.1,61.2,84.6,12.3,29,2,2011,5,2,678,5424,3445,15502.5,4123,20926.5,0,1,0,1,0,0,1
137,2011-05-18,65,61.3,87.8,8.6,29.8,2,2011,5,3,536,4288,3319,14935.5,3855,19223.5,0,1,0,1,0,0,1
138,2011-05-19,63.4,57.4,81.8,5.1,30,2,2011,5,4,735,5880,3840,17280,4575,23160,0,1,0,1,0,0,1
139,2011-05-20,64.6,54,70.3,6,30,2,2011,5,5,909,7272,4008,18036,4917,25308,0,1,0,1,1,0,0
140,2011-05-21,70,56,63,5.6,30,2,2011,5,6,2258,18064,3547,15961.5,5805,34025.5,0,1,1,0,1,0,0
141,2011-05-22,70.1,60.8,74.2,6.3,30,2,2011,5,0,1576,12608,3084,13878,4660,26486,0,1,1,0,1,0,0
142,2011-05-23,71.2,65.8,84.2,8.5,29.9,2,2011,5,1,836,6688,3438,15471,4274,22159,0,1,0,1,0,0,1
143,2011-05-24,75.4,65.5,73.6,8.6,29.8,2,2011,5,2,659,5272,3833,17248.5,4492,22520.5,0,1,0,1,0,0,1
144,2011-05-25,75.1,63.9,69.9,6.4,29.9,2,2011,5,3,740,5920,4238,19071,4978,24991,0,1,0,1,1,0,0
145,2011-05-26,79.5,67.3,68.2,8.3,29.8,2,2011,5,4,758,6064,3919,17635.5,4677,23699.5,0,1,0,1,1,0,0
146,2011-05-27,76.9,64.7,66.7,11.3,29.9,2,2011,5,5,871,6968,3808,17136,4679,24104,0,1,0,1,1,0,0
147,2011-05-28,74.8,65,72.5,9.3,30,2,2011,5,6,2001,16008,2757,12406.5,4758,28414.5,0,1,1,0,1,0,0
148,2011-05-29,75.5,69.7,82.6,9.2,30.1,2,2011,5,0,2355,18840,2433,10948.5,4788,29788.5,0,1,1,0,1,0,0
149,2011-05-30,83.2,69.5,67.4,5.6,30.1,2,2011,5,1,1549,12392,2549,11470.5,4098,23862.5,1,0,1,0,1,0,0
150,2011-05-31,85.8,70.4,62.6,4.4,30.1,2,2011,5,2,673,5384,3309,14890.5,3982,20274.5,0,1,0,1,1,0,0
151,2011-06-01,85.3,71.5,65.2,9,30,2,2011,6,3,513,4104,3461,15574.5,3974,19678.5,0,1,0,1,0,0,1
152,2011-06-02,80.2,45.6,30.3,12.5,30,2,2011,6,4,736,5888,4232,19044,4968,24932,0,1,0,1,1,0,0
153,2011-06-03,71.3,41.8,35.4,10.8,30.1,2,2011,6,5,898,7184,4414,19863,5312,27047,0,1,0,1,1,0,0
154,2011-06-04,73.5,49.4,44.4,5.1,30.1,2,2011,6,6,1869,14952,3473,15628.5,5342,30580.5,0,1,1,0,1,0,0
155,2011-06-05,74,61.6,65.7,6.1,30,2,2011,6,0,1685,13480,3221,14494.5,4906,27974.5,0,1,1,0,0,0,1
156,2011-06-06,77,59.8,59.7,5.4,30,2,2011,6,1,673,5384,3875,17437.5,4548,22821.5,0,1,0,1,1,0,0
157,2011-06-07,79.4,63.3,59.5,7.9,30,2,2011,6,2,763,6104,4070,18315,4833,24419,0,1,0,1,1,0,0
158,2011-06-08,85.4,69.4,61.9,5.8,29.9,2,2011,6,3,676,5408,3725,16762.5,4401,22170.5,0,1,0,1,1,0,0
159,2011-06-09,88.3,69.3,56.2,6.7,29.9,2,2011,6,4,563,4504,3352,15084,3915,19588,0,1,0,1,0,0,1
160,2011-06-10,82.5,67.1,60.8,7.5,29.9,2,2011,6,5,815,6520,3771,16969.5,4586,23489.5,0,1,0,1,1,0,0
161,2011-06-11,82.2,67.7,62.8,7.2,29.9,2,2011,6,6,1729,13832,3237,14566.5,4966,28398.5,0,1,1,0,1,0,0
162,2011-06-12,79.5,68.8,71.4,8.2,29.8,2,2011,6,0,1467,11736,2993,13468.5,4460,25204.5,0,1,1,0,1,0,0
163,2011-06-13,73,52.1,49,12.9,29.9,2,2011,6,1,863,6904,4157,18706.5,5020,25610.5,0,1,0,1,1,0,0
164,2011-06-14,70.3,50.8,50.5,11.2,29.9,2,2011,6,2,727,5816,4164,18738,4891,24554,0,1,0,1,1,0,0
165,2011-06-15,72.3,49.5,47,8,29.9,2,2011,6,3,769,6152,4411,19849.5,5180,26001.5,0,1,0,1,1,0,0
166,2011-06-16,72.1,62.3,72.3,9.3,29.9,2,2011,6,4,545,4360,3222,14499,3767,18859,0,1,0,1,0,0,1
167,2011-06-17,74.5,64.1,72.7,8,29.9,2,2011,6,5,863,6904,3981,17914.5,4844,24818.5,0,1,0,1,1,0,0
168,2011-06-18,77.7,66.2,69.5,5.2,29.9,2,2011,6,6,1807,14456,3312,14904,5119,29360,0,1,1,0,1,0,0
169,2011-06-19,78.9,66.5,66.3,4.4,29.8,2,2011,6,0,1639,13112,3105,13972.5,4744,27084.5,0,1,1,0,0,0,1
170,2011-06-20,72.5,63.8,74.8,6.2,29.9,2,2011,6,1,699,5592,3311,14899.5,4010,20491.5,0,1,0,1,0,0,1
171,2011-06-21,77.1,69.2,77.4,7.3,29.9,3,2011,6,2,774,6192,4061,18274.5,4835,24466.5,0,1,0,1,0,0,1
172,2011-06-22,81.8,70.8,70.2,7.2,29.8,3,2011,6,3,661,5288,3846,17307,4507,22595,0,1,0,1,1,0,0
173,2011-06-23,81.2,70.5,70.2,9.8,29.7,3,2011,6,4,746,5968,4044,18198,4790,24166,0,1,0,1,0,0,1
174,2011-06-24,80.5,62.9,58.3,9,29.7,3,2011,6,5,969,7752,4022,18099,4991,25851,0,1,0,1,1,0,0
175,2011-06-25,78.8,57.4,48,9,29.8,3,2011,6,6,1782,14256,3420,15390,5202,29646,0,1,1,0,1,0,0
176,2011-06-26,77,57.3,51.3,4.6,30,3,2011,6,0,1920,15360,3385,15232.5,5305,30592.5,0,1,1,0,1,0,0
177,2011-06-27,77.1,64.7,66.3,4.8,30,3,2011,6,1,854,6832,3854,17343,4708,24175,0,1,0,1,0,0,1
178,2011-06-28,83.5,68.5,62,7.7,29.9,3,2011,6,2,732,5856,3916,17622,4648,23478,0,1,0,1,1,0,0
179,2011-06-29,81.3,58.5,49.2,11,29.9,3,2011,6,3,848,6784,4377,19696.5,5225,26480.5,0,1,0,1,1,0,0
180,2011-06-30,78.6,53,43,8.1,30,3,2011,6,4,1027,8216,4488,20196,5515,28412,0,1,0,1,1,0,0
181,2011-07-01,80.8,52,39.7,5.1,30,3,2011,7,5,1246,9968,4116,18522,5362,28490,0,1,0,1,1,0,0
182,2011-07-02,82.3,56.4,44.2,4.9,30,3,2011,7,6,2204,17632,2915,13117.5,5119,30749.5,0,1,1,0,1,0,0
183,2011-07-03,78.2,68.5,73.6,8.4,29.9,3,2011,7,0,2282,18256,2367,10651.5,4649,28907.5,0,1,1,0,0,0,1
184,2011-07-04,81.3,66.8,63.4,3.5,29.9,3,2011,7,1,3065,24520,2978,13401,6043,37921,1,0,1,0,0,0,1
185,2011-07-05,82.9,66.9,59.3,5.6,29.9,3,2011,7,2,1031,8248,3634,16353,4665,24601,0,1,0,1,1,0,0
186,2011-07-06,80.4,71.5,74.4,6.4,29.9,3,2011,7,3,784,6272,3845,17302.5,4629,23574.5,0,1,0,1,1,0,0
187,2011-07-07,81.3,69.3,70,7.2,29.9,3,2011,7,4,754,6032,3838,17271,4592,23303,0,1,0,1,1,0,0
188,2011-07-08,79.3,71.2,76.7,9.1,29.8,3,2011,7,5,692,5536,3348,15066,4040,20602,0,1,0,1,0,0,1
189,2011-07-09,82,65,59.6,7.4,29.9,3,2011,7,6,1988,15904,3348,15066,5336,30970,0,1,1,0,1,0,0
190,2011-07-10,83.1,66,57.6,7.5,30,3,2011,7,0,1743,13944,3138,14121,4881,28065,0,1,1,0,1,0,0
191,2011-07-11,84.6,70,62.4,11.7,29.9,3,2011,7,1,723,5784,3363,15133.5,4086,20917.5,0,1,0,1,1,0,0
192,2011-07-12,87.2,68.5,55.5,8.8,29.8,3,2011,7,2,662,5296,3596,16182,4258,21478,0,1,0,1,1,0,0
193,2011-07-13,81.8,68.8,67.1,7.2,29.8,3,2011,7,3,748,5984,3594,16173,4342,22157,0,1,0,1,1,0,0
194,2011-07-14,77.1,54.9,47.5,10,30,3,2011,7,4,888,7104,4196,18882,5084,25986,0,1,0,1,1,0,0
195,2011-07-15,75.3,59.5,59,7.6,30.1,3,2011,7,5,1318,10544,4220,18990,5538,29534,0,1,0,1,1,0,0
196,2011-07-16,77.7,61.3,58.3,8.7,30.1,3,2011,7,6,2418,19344,3505,15772.5,5923,35116.5,0,1,1,0,1,0,0
197,2011-07-17,80.5,65.1,60.1,10.2,30.1,3,2011,7,0,2006,16048,3296,14832,5302,30880,0,1,1,0,1,0,0
198,2011-07-18,83,69.5,64.4,9,30,3,2011,7,1,841,6728,3617,16276.5,4458,23004.5,0,1,0,1,1,0,0
199,2011-07-19,86.1,72,63.7,5.8,29.8,3,2011,7,2,752,6016,3789,17050.5,4541,23066.5,0,1,0,1,1,0,0
200,2011-07-20,84,73.7,72.2,4.9,29.8,3,2011,7,3,644,5152,3688,16596,4332,21748,0,1,0,1,1,0,0
201,2011-07-21,89.3,77.2,68.8,9.4,29.8,3,2011,7,4,632,5056,3152,14184,3784,19240,0,1,0,1,0,0,1
202,2011-07-22,92.5,74.4,56.6,5.9,29.9,3,2011,7,5,562,4496,2825,12712.5,3387,17208.5,0,1,0,1,1,0,0
203,2011-07-23,92.3,70,49.1,6.6,29.9,3,2011,7,6,987,7896,2298,10341,3285,18237,0,1,1,0,1,0,0
204,2011-07-24,90.3,71.5,54.6,7,29.9,3,2011,7,0,1050,8400,2556,11502,3606,19902,0,1,1,0,1,0,0
205,2011-07-25,82.8,73.8,74.9,5.6,29.8,3,2011,7,1,568,4544,3272,14724,3840,19268,0,1,0,1,1,0,0
206,2011-07-26,85.3,64.3,53.8,8.7,29.8,3,2011,7,2,750,6000,3840,17280,4590,23280,0,1,0,1,1,0,0
207,2011-07-27,85.6,57.6,40,7.9,29.9,3,2011,7,3,755,6040,3901,17554.5,4656,23594.5,0,1,0,1,1,0,0
208,2011-07-28,85.7,68.9,57.6,7.3,30,3,2011,7,4,606,4848,3784,17028,4390,21876,0,1,0,1,1,0,0
209,2011-07-29,91.8,69.9,53.1,7.8,29.9,3,2011,7,5,670,5360,3176,14292,3846,19652,0,1,0,1,1,0,0
210,2011-07-30,88.7,64,46,7.4,30,3,2011,7,6,1559,12472,2916,13122,4475,25594,0,1,1,0,1,0,0
211,2011-07-31,88.7,62.9,46.7,6.8,30,3,2011,7,0,1524,12192,2778,12501,4302,24693,0,1,1,0,1,0,0
212,2011-08-01,85.7,64.8,53.5,7.2,29.9,3,2011,8,1,729,5832,3537,15916.5,4266,21748.5,0,1,0,1,1,0,0
213,2011-08-02,86.4,62.6,48.3,8.7,29.8,3,2011,8,2,801,6408,4044,18198,4845,24606,0,1,0,1,1,0,0
214,2011-08-03,81.2,68.8,67.1,6.5,29.7,3,2011,8,3,467,3736,3107,13981.5,3574,17717.5,0,1,0,1,0,0,1
215,2011-08-04,79.2,71.2,77.7,8.9,29.8,3,2011,8,4,799,6392,3777,16996.5,4576,23388.5,0,1,0,1,0,0,1
216,2011-08-05,79.8,65.6,62.7,7.4,30,3,2011,8,5,1023,8184,3843,17293.5,4866,25477.5,0,1,0,1,1,0,0
217,2011-08-06,80.5,71.7,75.2,10.2,29.9,3,2011,8,6,1521,12168,2773,12478.5,4294,24646.5,0,1,1,0,0,0,1
218,2011-08-07,81.7,73.6,77.8,8.7,29.7,3,2011,8,0,1298,10384,2487,11191.5,3785,21575.5,0,1,1,0,1,0,0
219,2011-08-08,84.5,67.8,59,8.2,29.6,3,2011,8,1,846,6768,3480,15660,4326,22428,0,1,0,1,1,0,0
220,2011-08-09,85.5,68.2,57.2,5.9,29.6,3,2011,8,2,907,7256,3695,16627.5,4602,23883.5,0,1,0,1,1,0,0
221,2011-08-10,84.7,58.2,42.2,8.6,29.7,3,2011,8,3,884,7072,3896,17532,4780,24604,0,1,0,1,1,0,0
222,2011-08-11,80.4,54.5,42.3,7,29.9,3,2011,8,4,812,6496,3980,17910,4792,24406,0,1,0,1,1,0,0
223,2011-08-12,79.5,53.1,41.4,5.8,30,3,2011,8,5,1051,8408,3854,17343,4905,25751,0,1,0,1,1,0,0
224,2011-08-13,77.3,69.1,75.7,11.2,30,3,2011,8,6,1504,12032,2646,11907,4150,23939,0,1,1,0,0,0,1
225,2011-08-14,74.8,70.1,85.4,9.5,29.8,3,2011,8,0,1338,10704,2482,11169,3820,21873,0,1,1,0,0,0,1
226,2011-08-15,75.5,65.3,72.2,8.1,29.7,3,2011,8,1,775,6200,3563,16033.5,4338,22233.5,0,1,0,1,1,0,0
227,2011-08-16,79,62.2,57.3,9.9,29.9,3,2011,8,2,721,5768,4004,18018,4725,23786,0,1,0,1,1,0,0
228,2011-08-17,80.8,63.8,57.8,5.8,30.1,3,2011,8,3,668,5344,4026,18117,4694,23461,0,1,0,1,1,0,0
229,2011-08-18,81.6,66.5,62,10.8,30,3,2011,8,4,639,5112,3166,14247,3805,19359,0,1,0,1,1,0,0
230,2011-08-19,76.2,66.3,73.1,7.9,29.9,3,2011,8,5,797,6376,3356,15102,4153,21478,0,1,0,1,0,0,1
231,2011-08-20,78.4,66.3,67.8,4.4,30,3,2011,8,6,1914,15312,3277,14746.5,5191,30058.5,0,1,1,0,1,0,0
232,2011-08-21,80.4,71.9,75.8,10.9,29.9,3,2011,8,0,1249,9992,2624,11808,3873,21800,0,1,1,0,1,0,0
233,2011-08-22,78,54.8,47.3,11.7,29.9,3,2011,8,1,833,6664,3925,17662.5,4758,24326.5,0,1,0,1,1,0,0
234,2011-08-23,73.6,50.5,45.5,6.4,30,3,2011,8,2,1281,10248,4614,20763,5895,31011,0,1,0,1,1,0,0
235,2011-08-24,76.6,61.8,60.8,10.6,30,3,2011,8,3,949,7592,4181,18814.5,5130,26406.5,0,1,0,1,1,0,0
236,2011-08-25,77.8,70.6,78.7,8.2,29.9,3,2011,8,4,435,3480,3107,13981.5,3542,17461.5,0,1,0,1,0,0,1
237,2011-08-26,79.5,70.8,75.8,4.4,29.9,3,2011,8,5,768,6144,3893,17518.5,4661,23662.5,0,1,0,1,1,0,0
238,2011-08-27,75.8,71.4,85.7,20.8,29.6,3,2011,8,6,226,1808,889,4000.5,1115,5808.5,0,1,1,0,0,0,1
239,2011-08-28,77,63.5,65.4,19,29.4,3,2011,8,0,1415,11320,2919,13135.5,4334,24455.5,0,1,1,0,1,0,0
240,2011-08-29,72.9,55.6,55.5,6.8,29.9,3,2011,8,1,729,5832,3905,17572.5,4634,23404.5,0,1,0,1,1,0,0
241,2011-08-30,73.3,54.8,54.6,5.3,30.1,3,2011,8,2,775,6200,4429,19930.5,5204,26130.5,0,1,0,1,1,0,0
242,2011-08-31,74.5,58.4,59.3,3.4,30.2,3,2011,8,3,688,5504,4370,19665,5058,25169,0,1,0,1,1,0,0
243,2011-09-01,74.6,60.9,63.3,6.2,30.1,3,2011,9,4,783,6264,4332,19494,5115,25758,0,1,0,1,1,0,0
244,2011-09-02,73.1,64,73.8,6.3,30.1,3,2011,9,5,875,7000,3852,17334,4727,24334,0,1,0,1,0,0,1
245,2011-09-03,75.8,65.8,71,7.7,30,3,2011,9,6,1935,15480,2549,11470.5,4484,26950.5,0,1,1,0,1,0,0
246,2011-09-04,79.7,70.3,73.5,8.7,29.9,3,2011,9,0,2521,20168,2419,10885.5,4940,31053.5,0,1,1,0,1,0,0
247,2011-09-05,76.3,70.1,81.1,8.9,29.8,3,2011,9,1,1236,9888,2115,9517.5,3351,19405.5,1,0,1,0,0,0,1
248,2011-09-06,64.4,61.5,89.1,14,29.9,3,2011,9,2,204,1632,2506,11277,2710,12909,0,1,0,1,0,1,0
249,2011-09-07,69.8,67.5,92.5,4.7,29.9,3,2011,9,3,118,944,1878,8451,1996,9395,0,1,0,1,0,1,0
250,2011-09-08,72.7,70.9,93.6,8.1,29.9,3,2011,9,4,153,1224,1689,7600.5,1842,8824.5,0,1,0,1,0,1,0
251,2011-09-09,73.4,71,92.3,5.2,29.8,3,2011,9,5,417,3336,3127,14071.5,3544,17407.5,0,1,0,1,0,0,1
252,2011-09-10,74.7,66.8,78.3,6.4,29.9,3,2011,9,6,1750,14000,3595,16177.5,5345,30177.5,0,1,1,0,1,0,0
253,2011-09-11,74.7,64.3,71.1,5.1,30,3,2011,9,0,1633,13064,3413,15358.5,5046,28422.5,0,1,1,0,1,0,0
254,2011-09-12,73.4,62.5,70.5,3.5,30,3,2011,9,1,690,5520,4023,18103.5,4713,23623.5,0,1,0,1,1,0,0
255,2011-09-13,74.4,64,71.4,6,30,3,2011,9,2,701,5608,4062,18279,4763,23887,0,1,0,1,1,0,0
256,2011-09-14,76.6,65.4,69.4,7,29.9,3,2011,9,3,647,5176,4138,18621,4785,23797,0,1,0,1,1,0,0
257,2011-09-15,67.3,58,72.3,12.9,30,3,2011,9,4,428,3424,3231,14539.5,3659,17963.5,0,1,0,1,0,0,1
258,2011-09-16,57.9,43.1,58.8,6.8,30.3,3,2011,9,5,742,5936,4018,18081,4760,24017,0,1,0,1,0,0,1
259,2011-09-17,60.2,51,71.8,7.9,30.4,3,2011,9,6,1434,11472,3077,13846.5,4511,25318.5,0,1,1,0,0,0,1
260,2011-09-18,61.7,51.3,68.8,7.3,30.3,3,2011,9,0,1353,10824,2921,13144.5,4274,23968.5,0,1,1,0,1,0,0
261,2011-09-19,65.2,55,69.9,6.5,30.2,3,2011,9,1,691,5528,3848,17316,4539,22844,0,1,0,1,0,0,1
262,2011-09-20,66,62.4,87.7,6.5,30.1,3,2011,9,2,438,3504,3203,14413.5,3641,17917.5,0,1,0,1,0,0,1
263,2011-09-21,69.6,66,89.1,3.6,30.1,3,2011,9,3,539,4312,3813,17158.5,4352,21470.5,0,1,0,1,0,0,1
264,2011-09-22,71.5,69.2,92.5,5.4,30.1,3,2011,9,4,555,4440,4240,19080,4795,23520,0,1,0,1,0,0,1
265,2011-09-23,71.1,70.1,96.7,3.6,30,4,2011,9,5,258,2064,2137,9616.5,2395,11680.5,0,1,0,1,0,0,1
266,2011-09-24,70.3,66.1,87.1,3.3,30,4,2011,9,6,1776,14208,3647,16411.5,5423,30619.5,0,1,1,0,0,0,1
267,2011-09-25,72.4,67.8,86,2.7,30,4,2011,9,0,1544,12352,3466,15597,5010,27949,0,1,1,0,0,0,1
268,2011-09-26,73.5,68.9,85.9,4,30,4,2011,9,1,684,5472,3946,17757,4630,23229,0,1,0,1,0,0,1
269,2011-09-27,73.5,69.8,88.3,4.9,29.9,4,2011,9,2,477,3816,3643,16393.5,4120,20209.5,0,1,0,1,0,0,1
270,2011-09-28,71.8,67.7,87.5,5.2,29.9,4,2011,9,3,480,3840,3427,15421.5,3907,19261.5,0,1,0,1,0,0,1
271,2011-09-29,71.2,61,72.9,7,29.7,4,2011,9,4,653,5224,4186,18837,4839,24061,0,1,0,1,1,0,0
272,2011-09-30,66.7,54.1,65.5,8,29.7,4,2011,9,5,830,6640,4372,19674,5202,26314,0,1,0,1,1,0,0
273,2011-10-01,51.7,45,78.6,11.9,29.8,4,2011,10,6,480,3840,1949,8770.5,2429,12610.5,0,1,1,0,0,0,1
274,2011-10-02,48.1,42.2,80.1,9,29.9,4,2011,10,0,616,4928,2302,10359,2918,15287,0,1,1,0,0,0,1
275,2011-10-03,50.8,43.6,76.4,3.9,30,4,2011,10,1,330,2640,3240,14580,3570,17220,0,1,0,1,0,0,1
276,2011-10-04,58.3,49.3,73.6,7.8,30.1,4,2011,10,2,486,3888,3970,17865,4456,21753,0,1,0,1,1,0,0
277,2011-10-05,64,51.3,65.1,8.1,30.2,4,2011,10,3,559,4472,4267,19201.5,4826,23673.5,0,1,0,1,1,0,0
278,2011-10-06,60.3,46.4,61.6,5.8,30.3,4,2011,10,4,639,5112,4126,18567,4765,23679,0,1,0,1,1,0,0
279,2011-10-07,61.5,50.2,68.5,1,30.4,4,2011,10,5,949,7592,4036,18162,4985,25754,0,1,0,1,1,0,0
280,2011-10-08,62.9,51.5,69.3,2,30.5,4,2011,10,6,2235,17880,3174,14283,5409,32163,0,1,1,0,1,0,0
281,2011-10-09,64.7,54.3,71.6,2.6,30.4,4,2011,10,0,2397,19176,3114,14013,5511,33189,0,1,1,0,1,0,0
282,2011-10-10,67.4,57,72.9,1.7,30.2,4,2011,10,1,1514,12112,3603,16213.5,5117,28325.5,1,0,1,0,1,0,0
283,2011-10-11,67.3,60.9,80,6.1,30.1,4,2011,10,2,667,5336,3896,17532,4563,22868,0,1,0,1,0,0,1
284,2011-10-12,64.6,62.1,90.2,10.3,29.9,4,2011,10,3,217,1736,2199,9895.5,2416,11631.5,0,1,0,1,0,1,0
285,2011-10-13,68.5,65.4,90.4,6.3,29.7,4,2011,10,4,290,2320,2623,11803.5,2913,14123.5,0,1,0,1,0,0,1
286,2011-10-14,65.8,58,78.4,9.3,29.5,4,2011,10,5,529,4232,3115,14017.5,3644,18249.5,0,1,0,1,0,0,1
287,2011-10-15,61.4,40.6,48.4,11,29.8,4,2011,10,6,1899,15192,3318,14931,5217,30123,0,1,1,0,1,0,0
288,2011-10-16,61.9,42,49,11.8,29.9,4,2011,10,0,1748,13984,3293,14818.5,5041,28802.5,0,1,1,0,1,0,0
289,2011-10-17,63.8,48.1,57.6,7.4,29.8,4,2011,10,1,713,5704,3857,17356.5,4570,23060.5,0,1,0,1,1,0,0
290,2011-10-18,63.8,52.8,69.9,4.6,29.8,4,2011,10,2,637,5096,4111,18499.5,4748,23595.5,0,1,0,1,0,0,1
291,2011-10-19,65.1,62.3,91,9.5,29.4,4,2011,10,3,254,2032,2170,9765,2424,11797,0,1,0,1,0,1,0
292,2011-10-20,59.2,47.8,67.4,16.9,29.5,4,2011,10,4,471,3768,3724,16758,4195,20526,0,1,0,1,1,0,0
293,2011-10-21,54.3,39.5,58.5,9,30,4,2011,10,5,676,5408,3628,16326,4304,21734,0,1,0,1,1,0,0
294,2011-10-22,53.5,41,63.2,4,30.1,4,2011,10,6,1499,11992,2809,12640.5,4308,24632.5,0,1,1,0,1,0,0
295,2011-10-23,53.8,45.3,74.2,4.3,30.1,4,2011,10,0,1619,12952,2762,12429,4381,25381,0,1,1,0,1,0,0
296,2011-10-24,57.5,50,76.9,5.5,30.1,4,2011,10,1,699,5592,3488,15696,4187,21288,0,1,0,1,1,0,0
297,2011-10-25,58.6,44.2,61.8,7.4,30.1,4,2011,10,2,695,5560,3992,17964,4687,23524,0,1,0,1,1,0,0
298,2011-10-26,59.9,50.5,71.9,6,29.9,4,2011,10,3,404,3232,3490,15705,3894,18937,0,1,0,1,0,0,1
299,2011-10-27,59.2,53.4,81.8,10.1,29.7,4,2011,10,4,240,1920,2419,10885.5,2659,12805.5,0,1,0,1,0,0,1
300,2011-10-28,45.9,26.9,58.7,9.2,30.2,4,2011,10,5,456,3648,3291,14809.5,3747,18457.5,0,1,0,1,0,0,1
301,2011-10-29,38.5,33.7,89.1,15.9,30,4,2011,10,6,57,456,570,2565,627,3021,0,1,1,0,0,1,0
302,2011-10-30,43.8,20,63,6.8,30.3,4,2011,10,0,885,7080,2446,11007,3331,18087,0,1,1,0,1,0,0
303,2011-10-31,46.4,34.6,69.3,4.1,30.3,4,2011,10,1,362,2896,3307,14881.5,3669,17777.5,0,1,0,1,1,0,0
304,2011-11-01,51.7,41.2,69,5.7,30.3,4,2011,11,2,410,3280,3658,16461,4068,19741,0,1,0,1,1,0,0
305,2011-11-02,49.6,40.6,72.3,3.5,29.1,4,2011,11,3,370,2960,3816,17172,4186,20132,0,1,0,1,1,0,0
306,2011-11-03,52.5,42.8,70.8,5.6,30.1,4,2011,11,4,318,2544,3656,16452,3974,18996,0,1,0,1,1,0,0
307,2011-11-04,52,38.7,63.6,11.3,30,4,2011,11,5,470,3760,3576,16092,4046,19852,0,1,0,1,0,0,1
308,2011-11-05,45.3,25.3,51.8,8,30.4,4,2011,11,6,1156,9248,2770,12465,3926,21713,0,1,1,0,1,0,0
309,2011-11-06,47.3,38.4,72.8,3.9,30.5,4,2011,11,0,952,7616,2697,12136.5,3649,19752.5,0,1,1,0,1,0,0
310,2011-11-07,49.9,42.6,79.5,2.3,30.4,4,2011,11,1,373,2984,3662,16479,4035,19463,0,1,0,1,1,0,0
311,2011-11-08,52.8,42.7,71.7,3,30.3,4,2011,11,2,376,3008,3829,17230.5,4205,20238.5,0,1,0,1,1,0,0
312,2011-11-09,51.8,43.8,76.2,2.7,30.1,4,2011,11,3,305,2440,3804,17118,4109,19558,0,1,0,1,1,0,0
313,2011-11-10,49.7,44.2,87.4,7,29.9,4,2011,11,4,190,1520,2743,12343.5,2933,13863.5,0,1,0,1,0,0,1
314,2011-11-11,45,24.6,45.4,13.1,29.9,4,2011,11,5,440,3520,2928,13176,3368,16696,1,0,1,0,1,0,0
315,2011-11-12,47.6,27.6,56.4,8.8,30.1,4,2011,11,6,1275,10200,2792,12564,4067,22764,0,1,1,0,1,0,0
316,2011-11-13,55.3,32.2,46.1,11.9,30.1,4,2011,11,0,1004,8032,2713,12208.5,3717,20240.5,0,1,1,0,1,0,0
317,2011-11-14,63.5,48.3,58.5,12.8,29.9,4,2011,11,1,595,4760,3891,17509.5,4486,22269.5,0,1,0,1,1,0,0
318,2011-11-15,63.6,52.6,67.7,8.2,29.9,4,2011,11,2,449,3592,3746,16857,4195,20449,0,1,0,1,0,0,1
319,2011-11-16,57.1,55.3,94.1,5.5,29.8,4,2011,11,3,145,1160,1672,7524,1817,8684,0,1,0,1,0,1,0
320,2011-11-17,46.6,31,58.4,12.4,30,4,2011,11,4,139,1112,2914,13113,3053,14225,0,1,0,1,0,0,1
321,2011-11-18,40.5,18.2,41.3,7.4,30.4,4,2011,11,5,245,1960,3147,14161.5,3392,16121.5,0,1,0,1,1,0,0
322,2011-11-19,45.1,27.2,50.7,9.6,30.4,4,2011,11,6,943,7544,2720,12240,3663,19784,0,1,1,0,1,0,0
323,2011-11-20,57.5,47.2,68.8,7.4,30.2,4,2011,11,0,787,6296,2733,12298.5,3520,18594.5,0,1,1,0,0,0,1
324,2011-11-21,55.9,53.6,92.2,6.3,30.2,4,2011,11,1,220,1760,2545,11452.5,2765,13212.5,0,1,0,1,0,1,0
325,2011-11-22,53.1,51.8,95.7,4.6,30.1,4,2011,11,2,69,552,1538,6921,1607,7473,0,1,0,1,0,1,0
326,2011-11-23,56.9,50.1,80.1,12.9,29.7,4,2011,11,3,112,896,2454,11043,2566,11939,0,1,0,1,0,0,1
327,2011-11-24,49.5,29.1,55.6,7.2,30.2,4,2011,11,4,560,4480,935,4207.5,1495,8687.5,1,0,1,0,1,0,0
328,2011-11-25,49.5,35.5,64.4,4.3,30.2,4,2011,11,5,1095,8760,1697,7636.5,2792,16396.5,0,1,0,1,1,0,0
329,2011-11-26,49.6,38.9,68.6,2.9,30.2,4,2011,11,6,1249,9992,1819,8185.5,3068,18177.5,0,1,1,0,1,0,0
330,2011-11-27,56.8,46.9,70.7,8.6,30.1,4,2011,11,0,810,6480,2261,10174.5,3071,16654.5,0,1,1,0,1,0,0
331,2011-11-28,60.9,52.3,74.5,6.2,30.1,4,2011,11,1,253,2024,3614,16263,3867,18287,0,1,0,1,1,0,0
332,2011-11-29,55.7,51,85.3,11.8,29.8,4,2011,11,2,96,768,2818,12681,2914,13449,0,1,0,1,0,0,1
333,2011-11-30,45.2,29.3,61.1,11.6,29.8,4,2011,11,3,188,1504,3425,15412.5,3613,16916.5,0,1,0,1,1,0,0
334,2011-12-01,43.9,27.4,52.9,9.3,30.3,4,2011,12,4,182,1456,3545,15952.5,3727,17408.5,0,1,0,1,1,0,0
335,2011-12-02,43.8,25.9,63.8,4,30.4,4,2011,12,5,268,2144,3672,16524,3940,18668,0,1,0,1,1,0,0
336,2011-12-03,42.9,27.3,61.1,4,30.6,4,2011,12,6,706,5648,2908,13086,3614,18734,0,1,1,0,1,0,0
337,2011-12-04,45.5,38.6,77.3,3.6,30.5,4,2011,12,0,634,5072,2851,12829.5,3485,17901.5,0,1,1,0,1,0,0
338,2011-12-05,50.3,45.1,83,2.5,30.3,4,2011,12,1,233,1864,3578,16101,3811,17965,0,1,0,1,0,0,1
339,2011-12-06,57.1,56.4,97.5,9.6,30,4,2011,12,2,126,1008,2468,11106,2594,12114,0,1,0,1,0,1,0
340,2011-12-07,52.9,52.3,97.7,10,29.7,4,2011,12,3,50,400,655,2947.5,705,3347.5,0,1,0,1,0,1,0
341,2011-12-08,39.7,26.5,60.3,10.7,30.1,4,2011,12,4,150,1200,3172,14274,3322,15474,0,1,0,1,1,0,0
342,2011-12-09,42.2,30,69.8,3.7,30.3,4,2011,12,5,261,2088,3359,15115.5,3620,17203.5,0,1,0,1,1,0,0
343,2011-12-10,40.6,22.8,50.9,9.7,30.4,4,2011,12,6,502,4016,2688,12096,3190,16112,0,1,1,0,1,0,0
344,2011-12-11,35.7,17.5,49.5,2.8,30.6,4,2011,12,0,377,3016,2366,10647,2743,13663,0,1,1,0,1,0,0
345,2011-12-12,37.1,27,67.7,2.6,30.5,4,2011,12,1,143,1144,3167,14251.5,3310,15395.5,0,1,0,1,1,0,0
346,2011-12-13,41,26.7,59.8,5.8,30.4,4,2011,12,2,155,1240,3368,15156,3523,16396,0,1,0,1,1,0,0
347,2011-12-14,44.5,26.9,65.4,2.5,30.4,4,2011,12,3,178,1424,3562,16029,3740,17453,0,1,0,1,0,0,1
348,2011-12-15,53.6,41.6,64,11.5,30,4,2011,12,4,181,1448,3528,15876,3709,17324,0,1,0,1,0,0,1
349,2011-12-16,49.5,31,49.8,11,30.1,4,2011,12,5,178,1424,3399,15295.5,3577,16719.5,0,1,0,1,0,0,1
350,2011-12-17,39.3,24.2,55.4,10.3,30.2,4,2011,12,6,275,2200,2464,11088,2739,13288,0,1,1,0,0,0,1
351,2011-12-18,37.2,23.8,59,7,30.3,4,2011,12,0,220,1760,2211,9949.5,2431,11709.5,0,1,1,0,1,0,0
352,2011-12-19,40.7,24.5,63.7,7.2,30.2,4,2011,12,1,260,2080,3143,14143.5,3403,16223.5,0,1,0,1,1,0,0
353,2011-12-20,50.7,34.3,59.6,2.6,30.1,4,2011,12,2,216,1728,3534,15903,3750,17631,0,1,0,1,0,0,1
354,2011-12-21,55.2,51.5,87.7,10.4,29.9,1,2011,12,3,107,856,2553,11488.5,2660,12344.5,0,1,0,1,0,0,1
355,2011-12-22,52.8,46.1,79.3,3.5,30,1,2011,12,4,227,1816,2841,12784.5,3068,14600.5,0,1,0,1,0,0,1
356,2011-12-23,49.6,38.4,76.9,10.8,30,1,2011,12,5,163,1304,2046,9207,2209,10511,0,1,0,1,1,0,0
357,2011-12-24,43,26.4,55.8,8,30.4,1,2011,12,6,155,1240,856,3852,1011,5092,0,1,1,0,1,0,0
358,2011-12-25,40.2,29.5,69.5,6.7,30.2,1,2011,12,0,303,2424,451,2029.5,754,4453.5,0,1,1,0,1,0,0
359,2011-12-26,44.9,25.5,50.3,10.1,30.2,1,2011,12,1,430,3440,887,3991.5,1317,7431.5,1,0,1,0,1,0,0
360,2011-12-27,48.3,40.6,83,10,29.6,1,2011,12,2,103,824,1059,4765.5,1162,5589.5,0,1,0,1,0,0,1
361,2011-12-28,42.5,22.6,52,11.7,29.8,1,2011,12,3,255,2040,2047,9211.5,2302,11251.5,0,1,0,1,1,0,0
362,2011-12-29,37.9,23,58.4,5.1,30,1,2011,12,4,254,2032,2169,9760.5,2423,11792.5,0,1,0,1,1,0,0
363,2011-12-30,44,24.2,64.1,4.7,30,1,2011,12,5,491,3928,2508,11286,2999,15214,0,1,0,1,1,0,0
364,2011-12-31,52.7,39.3,61.4,9.2,29.9,1,2011,12,6,665,5320,1820,8190,2485,13510,0,1,1,0,1,0,0
365,2012-01-01,50.3,38.4,66,9.3,29.9,1,2012,1,0,686,5488,1608,7236,2294,12724,0,1,1,0,1,0,0
366,2012-01-02,39.4,16.3,39.5,13.8,29.9,1,2012,1,1,244,1952,1707,7681.5,1951,9633.5,1,0,1,0,1,0,0
367,2012-01-03,28.8,8,42.6,16.2,30.1,1,2012,1,2,89,712,2147,9661.5,2236,10373.5,0,1,0,1,1,0,0
368,2012-01-04,27.1,7.2,43.2,7.7,30.2,1,2012,1,3,95,760,2273,10228.5,2368,10988.5,0,1,0,1,0,0,1
369,2012-01-05,39.8,23.7,54.6,4.8,30,1,2012,1,4,140,1120,3132,14094,3272,15214,0,1,0,1,1,0,0
370,2012-01-06,46.4,29.1,53.8,7.3,29.9,1,2012,1,5,307,2456,3791,17059.5,4098,19515.5,0,1,0,1,1,0,0
371,2012-01-07,51.1,29,52.4,7.6,29.9,1,2012,1,6,1070,8560,3451,15529.5,4521,24089.5,0,1,1,0,1,0,0
372,2012-01-08,45.3,26.3,48.1,8.2,30.2,1,2012,1,0,599,4792,2826,12717,3425,17509,0,1,1,0,1,0,0
373,2012-01-09,35.5,15.8,79.2,3.5,30.2,1,2012,1,1,106,848,2270,10215,2376,11063,0,1,0,1,0,0,1
374,2012-01-10,39.5,26.9,76,7.1,30,1,2012,1,2,173,1384,3425,15412.5,3598,16796.5,0,1,0,1,1,0,0
375,2012-01-11,41.4,37.7,86.7,5.9,29.9,1,2012,1,3,92,736,2085,9382.5,2177,10118.5,0,1,0,1,0,0,1
376,2012-01-12,48.7,43.4,82.2,7.6,29.5,1,2012,1,4,269,2152,3828,17226,4097,19378,0,1,0,1,0,0,1
377,2012-01-13,39.6,21.2,52.3,15.4,29.6,1,2012,1,5,174,1392,3040,13680,3214,15072,0,1,0,1,1,0,0
378,2012-01-14,32.1,13.3,46.2,8.8,30.1,1,2012,1,6,333,2664,2160,9720,2493,12384,0,1,1,0,1,0,0
379,2012-01-15,30.7,9.7,42.4,9.8,30.4,1,2012,1,0,284,2272,2027,9121.5,2311,11393.5,0,1,1,0,1,0,0
380,2012-01-16,34,19.1,54.9,10.5,30.4,1,2012,1,1,217,1736,2081,9364.5,2298,11100.5,1,0,1,0,1,0,0
381,2012-01-17,50.6,41.9,72.5,14.1,29.9,1,2012,1,2,127,1016,2808,12636,2935,13652,0,1,0,1,0,0,1
382,2012-01-18,40.8,20,44.2,16.5,30,1,2012,1,3,109,872,3267,14701.5,3376,15573.5,0,1,0,1,1,0,0
383,2012-01-19,34.1,16.9,49.9,9.7,30.1,1,2012,1,4,130,1040,3162,14229,3292,15269,0,1,0,1,1,0,0
384,2012-01-20,33.2,17,54.1,8.2,30.2,1,2012,1,5,115,920,3048,13716,3163,14636,0,1,0,1,0,0,1
385,2012-01-21,31.1,27.1,85.2,8.2,30.1,1,2012,1,6,67,536,1234,5553,1301,6089,0,1,1,0,0,0,1
386,2012-01-22,30.6,25.1,79.7,7.8,30.4,1,2012,1,0,196,1568,1781,8014.5,1977,9582.5,0,1,1,0,0,0,1
387,2012-01-23,36.4,33.2,92.8,5.7,30.1,1,2012,1,1,145,1160,2287,10291.5,2432,11451.5,0,1,0,1,0,0,1
388,2012-01-24,46.3,40.9,82.6,4.6,30.1,1,2012,1,2,439,3512,3900,17550,4339,21062,0,1,0,1,1,0,0
389,2012-01-25,42.2,22.8,64.5,6.3,30.3,1,2012,1,3,467,3736,3803,17113.5,4270,20849.5,0,1,0,1,1,0,0
390,2012-01-26,47,40.8,79,4,30,1,2012,1,4,244,1952,3831,17239.5,4075,19191.5,0,1,0,1,0,0,1
391,2012-01-27,55.2,48.8,81.5,12.6,29.6,1,2012,1,5,269,2152,3187,14341.5,3456,16493.5,0,1,0,1,0,0,1
392,2012-01-28,44.3,20.6,52.6,9.3,30,1,2012,1,6,775,6200,3248,14616,4023,20816,0,1,1,0,1,0,0
393,2012-01-29,41.2,12.9,32.8,10.5,30.2,1,2012,1,0,558,4464,2685,12082.5,3243,16546.5,0,1,1,0,1,0,0
394,2012-01-30,40.2,17,40.7,9,30.3,1,2012,1,1,126,1008,3498,15741,3624,16749,0,1,0,1,1,0,0
395,2012-01-31,52,27.6,40.7,11.1,30.1,1,2012,1,2,324,2592,4185,18832.5,4509,21424.5,0,1,0,1,1,0,0
396,2012-02-01,58.2,40.3,52.2,7.5,30,1,2012,2,3,304,2432,4275,19237.5,4579,21669.5,0,1,0,1,1,0,0
397,2012-02-02,50.9,41,70.5,8.2,30.1,1,2012,2,4,190,1520,3571,16069.5,3761,17589.5,0,1,0,1,0,0,1
398,2012-02-03,43.4,26.1,54.1,7.2,30.4,1,2012,2,5,310,2480,3841,17284.5,4151,19764.5,0,1,0,1,1,0,0
399,2012-02-04,39.3,28.7,80.2,5.3,30.2,1,2012,2,6,384,3072,2448,11016,2832,14088,0,1,1,0,0,0,1
400,2012-02-05,39.9,29.6,67.7,7.4,30.1,1,2012,2,0,318,2544,2629,11830.5,2947,14374.5,0,1,1,0,0,0,1
401,2012-02-06,41.6,24.6,62.5,7.1,30.2,1,2012,2,1,206,1648,3578,16101,3784,17749,0,1,0,1,1,0,0
402,2012-02-07,47.5,27.5,49.3,6.5,30.1,1,2012,2,2,199,1592,4176,18792,4375,20384,0,1,0,1,1,0,0
403,2012-02-08,38.6,29.8,76.7,6,30.2,1,2012,2,3,109,872,2693,12118.5,2802,12990.5,0,1,0,1,0,0,1
404,2012-02-09,39.8,22.9,56,8.2,30.2,1,2012,2,4,163,1304,3667,16501.5,3830,17805.5,0,1,0,1,1,0,0
405,2012-02-10,41.1,25.8,55.5,4.9,30.1,1,2012,2,5,227,1816,3604,16218,3831,18034,0,1,0,1,0,0,1
406,2012-02-11,35.7,27.4,76.9,12.8,29.8,1,2012,2,6,192,1536,1977,8896.5,2169,10432.5,0,1,1,0,0,1,0
407,2012-02-12,26.9,9.7,49.6,17.4,30,1,2012,2,0,73,584,1456,6552,1529,7136,0,1,1,0,1,0,0
408,2012-02-13,36.9,14.5,42.4,6.3,30.1,1,2012,2,1,94,752,3328,14976,3422,15728,0,1,0,1,1,0,0
409,2012-02-14,45.7,27.3,49.8,6.4,30,1,2012,2,2,135,1080,3787,17041.5,3922,18121.5,0,1,0,1,0,0,1
410,2012-02-15,46.9,23,55.2,8,30.2,1,2012,2,3,141,1128,4028,18126,4169,19254,0,1,0,1,1,0,0
411,2012-02-16,44.3,36.1,76.9,3.6,30.2,1,2012,2,4,74,592,2931,13189.5,3005,13781.5,0,1,0,1,0,0,1
412,2012-02-17,44.4,34.7,74.6,7,30,1,2012,2,5,349,2792,3805,17122.5,4154,19914.5,0,1,0,1,1,0,0
413,2012-02-18,47,25.5,52.7,8.9,30,1,2012,2,6,1435,11480,2883,12973.5,4318,24453.5,0,1,1,0,1,0,0
414,2012-02-19,39.8,24.9,59.9,8.7,30,1,2012,2,0,618,4944,2071,9319.5,2689,14263.5,0,1,1,0,0,0,1
415,2012-02-20,41.3,21.1,49.4,9.3,30.2,1,2012,2,1,502,4016,2627,11821.5,3129,15837.5,1,0,1,0,1,0,0
416,2012-02-21,41.8,28.8,61.3,8.7,30.1,1,2012,2,2,163,1304,3614,16263,3777,17567,0,1,0,1,1,0,0
417,2012-02-22,52.4,34.5,55.7,10,29.7,1,2012,2,3,394,3152,4379,19705.5,4773,22857.5,0,1,0,1,1,0,0
418,2012-02-23,57,39.6,55.1,7.7,29.6,1,2012,2,4,516,4128,4546,20457,5062,24585,0,1,0,1,1,0,0
419,2012-02-24,53.1,46.2,79.8,9.1,29.4,1,2012,2,5,246,1968,3241,14584.5,3487,16552.5,0,1,0,1,0,0,1
420,2012-02-25,40.6,18.9,43.7,17.8,29.9,1,2012,2,6,317,2536,2415,10867.5,2732,13403.5,0,1,1,0,1,0,0
421,2012-02-26,41.3,19.8,43.1,8.5,30.4,1,2012,2,0,515,4120,2874,12933,3389,17053,0,1,1,0,1,0,0
422,2012-02-27,49.8,29.3,48.6,11.2,30.3,1,2012,2,1,253,2024,4069,18310.5,4322,20334.5,0,1,0,1,1,0,0
423,2012-02-28,47.7,23.1,39.1,8.3,30.4,1,2012,2,2,229,1832,4134,18603,4363,20435,0,1,0,1,1,0,0
424,2012-02-29,48.4,43.1,86.6,9.1,29.9,1,2012,2,3,65,520,1769,7960.5,1834,8480.5,0,1,0,1,0,0,1
425,2012-03-01,57.3,45.2,71.8,8.2,29.7,1,2012,3,4,325,2600,4665,20992.5,4990,23592.5,0,1,0,1,1,0,0
426,2012-03-02,47.9,37.6,74.5,5.7,29.9,1,2012,3,5,246,1968,2948,13266,3194,15234,0,1,0,1,0,0,1
427,2012-03-03,51.7,38.9,69.6,6.6,29.6,1,2012,3,6,956,7648,3110,13995,4066,21643,0,1,1,0,0,0,1
428,2012-03-04,44,21.4,41.3,13.7,29.8,1,2012,3,0,710,5680,2713,12208.5,3423,17888.5,0,1,1,0,1,0,0
429,2012-03-05,38,21,51,10.8,30.1,1,2012,3,1,203,1624,3130,14085,3333,15709,0,1,0,1,1,0,0
430,2012-03-06,39.5,20.9,48.2,8.8,30.6,1,2012,3,2,221,1768,3735,16807.5,3956,18575.5,0,1,0,1,1,0,0
431,2012-03-07,53.4,33.8,51.4,14.7,30.5,1,2012,3,3,432,3456,4484,20178,4916,23634,0,1,0,1,1,0,0
432,2012-03-08,64.2,47.3,56,18.9,30.1,1,2012,3,4,486,3888,4896,22032,5382,25920,0,1,0,1,1,0,0
433,2012-03-09,51.6,27,40.8,16.9,30.1,1,2012,3,5,447,3576,4122,18549,4569,22125,0,1,0,1,0,0,1
434,2012-03-10,41.2,15.8,36.8,9,30.5,1,2012,3,6,968,7744,3150,14175,4118,21919,0,1,1,0,1,0,0
435,2012-03-11,48.8,29,48.7,9.8,30.5,1,2012,3,0,1658,13264,3253,14638.5,4911,27902.5,0,1,1,0,1,0,0
436,2012-03-12,58.5,34.7,48.7,8.5,30.3,1,2012,3,1,838,6704,4460,20070,5298,26774,0,1,0,1,1,0,0
437,2012-03-13,66.7,51.8,61,9.7,30,1,2012,3,2,762,6096,5085,22882.5,5847,28978.5,0,1,0,1,1,0,0
438,2012-03-14,67.2,45.8,50.3,5,30.1,1,2012,3,3,997,7976,5315,23917.5,6312,31893.5,0,1,0,1,1,0,0
439,2012-03-15,65.5,49.8,59,6.5,30.1,1,2012,3,4,1005,8040,5187,23341.5,6192,31381.5,0,1,0,1,1,0,0
440,2012-03-16,55,50.3,84.5,4.7,30.2,1,2012,3,5,548,4384,3830,17235,4378,21619,0,1,0,1,0,0,1
441,2012-03-17,60.5,53.1,78.7,4,30.2,1,2012,3,6,3155,25240,4681,21064.5,7836,46304.5,0,1,1,0,0,0,1
442,2012-03-18,58.2,52.3,80.8,5.3,30.3,1,2012,3,0,2207,17656,3685,16582.5,5892,34238.5,0,1,1,0,0,0,1
443,2012-03-19,65.3,55.5,71.9,6.8,30.2,1,2012,3,1,982,7856,5171,23269.5,6153,31125.5,0,1,0,1,1,0,0
444,2012-03-20,66,60.3,82.4,5.4,30.2,1,2012,3,2,1051,8408,5042,22689,6093,31097,0,1,0,1,1,0,0
445,2012-03-21,62.8,57.9,84.8,4.7,30.3,2,2012,3,3,1122,8976,5108,22986,6230,31962,0,1,0,1,0,0,1
446,2012-03-22,63.4,59.4,88,4.2,30.2,2,2012,3,4,1334,10672,5537,24916.5,6871,35588.5,0,1,0,1,1,0,0
447,2012-03-23,69.6,58,69.8,5.2,30,2,2012,3,5,2469,19752,5893,26518.5,8362,46270.5,0,1,0,1,0,0,1
448,2012-03-24,60.6,57.9,91.3,8.5,29.9,2,2012,3,6,1033,8264,2339,10525.5,3372,18789.5,0,1,1,0,0,0,1
449,2012-03-25,55.2,51.8,88.8,9.3,29.8,2,2012,3,0,1532,12256,3464,15588,4996,27844,0,1,1,0,0,0,1
450,2012-03-26,55.3,31.8,45.6,16.6,29.9,2,2012,3,1,795,6360,4763,21433.5,5558,27793.5,0,1,0,1,1,0,0
451,2012-03-27,45,14.5,30.4,7.9,30.3,2,2012,3,2,531,4248,4571,20569.5,5102,24817.5,0,1,0,1,1,0,0
452,2012-03-28,60.9,41.3,49.3,12.1,29.8,2,2012,3,3,674,5392,5024,22608,5698,28000,0,1,0,1,1,0,0
453,2012-03-29,59.6,32.9,43.2,13.6,29.9,2,2012,3,4,834,6672,5299,23845.5,6133,30517.5,0,1,0,1,1,0,0
454,2012-03-30,49,28.7,59.6,5.6,30,2,2012,3,5,796,6368,4663,20983.5,5459,27351.5,0,1,0,1,0,0,1
455,2012-03-31,53.8,45.7,74.4,10.1,29.8,2,2012,3,6,2301,18408,3934,17703,6235,36111,0,1,1,0,0,0,1
456,2012-04-01,54.2,43.7,68.7,6.6,29.8,2,2012,4,0,2347,18776,3694,16623,6041,35399,0,1,1,0,0,0,1
457,2012-04-02,54.8,33.9,54.2,12,29.8,2,2012,4,1,1208,9664,4728,21276,5936,30940,0,1,0,1,1,0,0
458,2012-04-03,58.2,28.5,39.7,4.2,29.9,2,2012,4,2,1348,10784,5424,24408,6772,35192,0,1,0,1,1,0,0
459,2012-04-04,64.9,42.1,45.6,7.7,29.7,2,2012,4,3,1058,8464,5378,24201,6436,32665,0,1,0,1,1,0,0
460,2012-04-05,54.6,26.5,38.4,8.7,29.8,2,2012,4,4,1192,9536,5265,23692.5,6457,33228.5,0,1,0,1,1,0,0
461,2012-04-06,52.2,25.3,37.1,13.2,30,2,2012,4,5,1807,14456,4653,20938.5,6460,35394.5,0,1,0,1,1,0,0
462,2012-04-07,55.7,19.6,25.3,11.4,30.1,2,2012,4,6,3252,26016,3605,16222.5,6857,42238.5,0,1,1,0,1,0,0
463,2012-04-08,60.9,25.3,28.2,9.7,29.9,2,2012,4,0,2230,17840,2939,13225.5,5169,31065.5,0,1,1,0,1,0,0
464,2012-04-09,59.7,28.2,32.3,14.9,29.9,2,2012,4,1,905,7240,4680,21060,5585,28300,0,1,0,1,1,0,0
465,2012-04-10,55.9,30.6,42.6,10.8,29.8,2,2012,4,2,819,6552,5099,22945.5,5918,29497.5,0,1,0,1,1,0,0
466,2012-04-11,47.1,24.2,48.2,12.2,29.9,2,2012,4,3,482,3856,4380,19710,4862,23566,0,1,0,1,1,0,0
467,2012-04-12,52.3,23.6,44.7,12.1,30.1,2,2012,4,4,663,5304,4746,21357,5409,26661,0,1,0,1,1,0,0
468,2012-04-13,55.7,31.2,41.9,6.6,30.2,2,2012,4,5,1252,10016,5146,23157,6398,33173,0,1,0,1,1,0,0
469,2012-04-14,61,40.8,50.3,8.2,30.1,2,2012,4,6,2795,22360,4665,20992.5,7460,43352.5,0,1,1,0,1,0,0
470,2012-04-15,70.8,51.3,50.7,9.7,30,2,2012,4,0,2846,22768,4286,19287,7132,42055,0,1,1,0,1,0,0
471,2012-04-16,75.7,57.7,56.3,11.5,30,2,2012,4,1,1198,9584,5172,23274,6370,32858,1,0,1,0,1,0,0
472,2012-04-17,69.9,40.4,38,11.6,30.1,2,2012,4,2,989,7912,5702,25659,6691,33571,0,1,0,1,1,0,0
473,2012-04-18,56.5,42.2,61.7,6.4,30.2,2,2012,4,3,347,2776,4020,18090,4367,20866,0,1,0,1,0,0,1
474,2012-04-19,60.3,46.4,62.4,3.5,30.1,2,2012,4,4,846,6768,5719,25735.5,6565,32503.5,0,1,0,1,1,0,0
475,2012-04-20,63.6,51.9,68.1,6.7,29.9,2,2012,4,5,1340,10720,5950,26775,7290,37495,0,1,0,1,1,0,0
476,2012-04-21,67,55.5,69.5,13,29.7,2,2012,4,6,2541,20328,4083,18373.5,6624,38701.5,0,1,1,0,1,0,0
477,2012-04-22,49.8,45.7,85.4,16.8,29.6,2,2012,4,0,120,960,907,4081.5,1027,5041.5,0,1,1,0,0,1,0
478,2012-04-23,44.7,37.7,77.3,12.8,29.4,2,2012,4,1,195,1560,3019,13585.5,3214,15145.5,0,1,0,1,0,0,1
479,2012-04-24,52.9,28,45.7,10.1,29.6,2,2012,4,2,518,4144,5115,23017.5,5633,27161.5,0,1,0,1,1,0,0
480,2012-04-25,58.7,32.6,44.5,5.3,29.8,2,2012,4,3,655,5240,5541,24934.5,6196,30174.5,0,1,0,1,1,0,0
481,2012-04-26,60.8,53.6,77.8,8.3,29.7,2,2012,4,4,475,3800,4551,20479.5,5026,24279.5,0,1,0,1,0,0,1
482,2012-04-27,56.5,25.7,39.2,14,30,2,2012,4,5,1014,8112,5219,23485.5,6233,31597.5,0,1,0,1,1,0,0
483,2012-04-28,50,28.6,50.1,5.3,30.2,2,2012,4,6,1120,8960,3100,13950,4220,22910,0,1,1,0,0,0,1
484,2012-04-29,55.1,41.7,65.4,4.3,30.2,2,2012,4,0,2229,17832,4075,18337.5,6304,36169.5,0,1,1,0,1,0,0
485,2012-04-30,57.1,39.7,55.5,6.7,30.2,2,2012,4,1,665,5320,4907,22081.5,5572,27401.5,0,1,0,1,0,0,1
486,2012-05-01,70.1,58.6,68.8,6.6,30,2,2012,5,2,653,5224,5087,22891.5,5740,28115.5,0,1,0,1,0,0,1
487,2012-05-02,65.8,59.9,81.2,6.8,30.1,2,2012,5,3,667,5336,5502,24759,6169,30095,0,1,0,1,1,0,0
488,2012-05-03,64.8,57.8,78.8,6,30.1,2,2012,5,4,764,6112,5657,25456.5,6421,31568.5,0,1,0,1,0,0,1
489,2012-05-04,73.5,63,71.1,7.7,29.9,2,2012,5,5,1069,8552,5227,23521.5,6296,32073.5,0,1,0,1,1,0,0
490,2012-05-05,71.6,62.8,74.7,7.1,29.9,2,2012,5,6,2496,19968,4387,19741.5,6883,39709.5,0,1,1,0,0,0,1
491,2012-05-06,65.6,57.4,75.4,6.6,30,2,2012,5,0,2135,17080,4224,19008,6359,36088,0,1,1,0,0,0,1
492,2012-05-07,62.8,52.1,70,9.3,30.1,2,2012,5,1,1008,8064,5265,23692.5,6273,31756.5,0,1,0,1,0,0,1
493,2012-05-08,68.2,58,70.2,12.3,29.9,2,2012,5,2,738,5904,4990,22455,5728,28359,0,1,0,1,0,0,1
494,2012-05-09,66.9,59,76.8,9.3,29.7,2,2012,5,3,620,4960,4097,18436.5,4717,23396.5,0,1,0,1,0,0,1
495,2012-05-10,61.3,43.1,54.1,13.1,29.7,2,2012,5,4,1026,8208,5546,24957,6572,33165,0,1,0,1,1,0,0
496,2012-05-11,64,31.3,35.8,9.9,30.1,2,2012,5,5,1319,10552,5711,25699.5,7030,36251.5,0,1,0,1,1,0,0
497,2012-05-12,66.8,45.3,48.5,5.1,30.2,2,2012,5,6,2622,20976,4807,21631.5,7429,42607.5,0,1,1,0,1,0,0
498,2012-05-13,71,54.8,57.1,9.5,30.1,2,2012,5,0,2172,17376,3946,17757,6118,35133,0,1,1,0,1,0,0
499,2012-05-14,66.4,60.5,81.5,8.7,30.1,2,2012,5,1,342,2736,2501,11254.5,2843,13990.5,0,1,0,1,0,0,1
500,2012-05-15,69.8,64.1,83.1,5.5,29.9,2,2012,5,2,625,5000,4490,20205,5115,25205,0,1,0,1,0,0,1
501,2012-05-16,73.3,61.3,68.3,6,29.9,2,2012,5,3,991,7928,6433,28948.5,7424,36876.5,0,1,0,1,1,0,0
502,2012-05-17,69,48.8,50.9,9.5,30,2,2012,5,4,1242,9936,6142,27639,7384,37575,0,1,0,1,1,0,0
503,2012-05-18,66.6,47,51.8,6,30.1,2,2012,5,5,1521,12168,6118,27531,7639,39699,0,1,0,1,1,0,0
504,2012-05-19,70,47.2,45.8,3.5,30.1,2,2012,5,6,3410,27280,4884,21978,8294,49258,0,1,1,0,1,0,0
505,2012-05-20,71.4,54.2,56.8,11,30.1,2,2012,5,0,2704,21632,4425,19912.5,7129,41544.5,0,1,1,0,1,0,0
506,2012-05-21,69.9,63.6,80.9,9.3,30,2,2012,5,1,630,5040,3729,16780.5,4359,21820.5,0,1,0,1,0,0,1
507,2012-05-22,70.1,63.2,78.8,5.1,29.9,2,2012,5,2,819,6552,5254,23643,6073,30195,0,1,0,1,0,0,1
508,2012-05-23,72.8,64.2,75.1,5.4,29.9,2,2012,5,3,766,6128,4494,20223,5260,26351,0,1,0,1,0,0,1
509,2012-05-24,73.3,64.9,76.5,6.7,30,2,2012,5,4,1059,8472,5711,25699.5,6770,34171.5,0,1,0,1,1,0,0
510,2012-05-25,76.2,67.9,76.7,5.9,30.1,2,2012,5,5,1417,11336,5317,23926.5,6734,35262.5,0,1,0,1,1,0,0
511,2012-05-26,77.1,68.1,74.9,8.1,30.1,2,2012,5,6,2855,22840,3681,16564.5,6536,39404.5,0,1,1,0,1,0,0
512,2012-05-27,77.6,66.8,70.8,8.7,30.1,2,2012,5,0,3283,26264,3308,14886,6591,41150,0,1,1,0,1,0,0
513,2012-05-28,80.3,68.3,67.4,8.3,30,2,2012,5,1,2557,20456,3486,15687,6043,36143,1,0,1,0,1,0,0
514,2012-05-29,79.4,68,70.2,12.6,29.8,2,2012,5,2,880,7040,4863,21883.5,5743,28923.5,0,1,0,1,1,0,0
515,2012-05-30,75.4,62.6,66.2,5.8,29.8,2,2012,5,3,745,5960,6110,27495,6855,33455,0,1,0,1,0,0,1
516,2012-05-31,77.4,54.5,47.5,7.8,29.8,2,2012,5,4,1100,8800,6238,28071,7338,36871,0,1,0,1,1,0,0
517,2012-06-01,73.6,66.3,79,9.5,29.8,2,2012,6,5,533,4264,3594,16173,4127,20437,0,1,0,1,0,0,1
518,2012-06-02,68.2,50.1,55,8.2,29.8,2,2012,6,6,2795,22360,5325,23962.5,8120,46322.5,0,1,1,0,1,0,0
519,2012-06-03,70.1,49.1,49.1,7.6,29.8,2,2012,6,0,2494,19952,5147,23161.5,7641,43113.5,0,1,1,0,1,0,0
520,2012-06-04,69.6,49.1,49.1,12.6,29.7,2,2012,6,1,1071,8568,5927,26671.5,6998,35239.5,0,1,0,1,1,0,0
521,2012-06-05,63.2,51.2,66.4,9.6,29.8,2,2012,6,2,968,7744,6033,27148.5,7001,34892.5,0,1,0,1,0,0,1
522,2012-06-06,65.8,51.4,61.5,3.6,30,2,2012,6,3,1027,8216,6028,27126,7055,35342,0,1,0,1,1,0,0
523,2012-06-07,71.2,51.4,53.5,7.7,30,2,2012,6,4,1038,8304,6456,29052,7494,37356,0,1,0,1,1,0,0
524,2012-06-08,74.5,51.2,46.4,7.2,30,2,2012,6,5,1488,11904,6248,28116,7736,40020,0,1,0,1,1,0,0
525,2012-06-09,80.2,53.9,43.6,6.5,30,2,2012,6,6,2708,21664,4790,21555,7498,43219,0,1,1,0,1,0,0
526,2012-06-10,81.3,61.1,53.5,5.7,30.1,2,2012,6,0,2224,17792,4374,19683,6598,37475,0,1,1,0,1,0,0
527,2012-06-11,80.5,63.6,58.4,9,30.1,2,2012,6,1,1017,8136,5647,25411.5,6664,33547.5,0,1,0,1,0,0,1
528,2012-06-12,74.9,70.4,85.7,8.9,29.9,2,2012,6,2,477,3816,4495,20227.5,4972,24043.5,0,1,0,1,0,0,1
529,2012-06-13,74.5,57,58.1,14.8,29.9,2,2012,6,3,1173,9384,6248,28116,7421,37500,0,1,0,1,1,0,0
530,2012-06-14,73.8,57.6,57.3,10.3,30.1,2,2012,6,4,1180,9440,6183,27823.5,7363,37263.5,0,1,0,1,1,0,0
531,2012-06-15,73.2,56.2,58,7.3,30.2,2,2012,6,5,1563,12504,6102,27459,7665,39963,0,1,0,1,1,0,0
532,2012-06-16,72.7,52.1,49.8,7,30.3,2,2012,6,6,2963,23704,4739,21325.5,7702,45029.5,0,1,1,0,1,0,0
533,2012-06-17,69.2,54.8,60.5,6.3,30.1,2,2012,6,0,2634,21072,4344,19548,6978,40620,0,1,1,0,1,0,0
534,2012-06-18,66.1,59.4,78.9,7.2,30.1,2,2012,6,1,653,5224,4446,20007,5099,25231,0,1,0,1,0,0,1
535,2012-06-19,76.9,66.4,70.6,6.1,30.1,2,2012,6,2,968,7744,5857,26356.5,6825,34100.5,0,1,0,1,1,0,0
536,2012-06-20,86.4,68.5,58.6,4.7,30.1,2,2012,6,3,872,6976,5339,24025.5,6211,31001.5,0,1,0,1,1,0,0
537,2012-06-21,88.3,69.5,56.8,5.1,29.9,3,2012,6,4,778,6224,5127,23071.5,5905,29295.5,0,1,0,1,1,0,0
538,2012-06-22,84.7,67.6,58.3,8.6,29.8,3,2012,6,5,964,7712,4859,21865.5,5823,29577.5,0,1,0,1,1,0,0
539,2012-06-23,81.9,59.9,51.7,7.5,29.9,3,2012,6,6,2657,21256,4801,21604.5,7458,42860.5,0,1,1,0,1,0,0
540,2012-06-24,82.7,60,48.2,6.3,29.9,3,2012,6,0,2551,20408,4340,19530,6891,39938,0,1,1,0,1,0,0
541,2012-06-25,80.3,58,49.5,12.7,29.8,3,2012,6,1,1139,9112,5640,25380,6779,34492,0,1,0,1,1,0,0
542,2012-06-26,72.5,44.4,37.3,14.3,29.8,3,2012,6,2,1077,8616,6365,28642.5,7442,37258.5,0,1,0,1,1,0,0
543,2012-06-27,78.6,49.1,36.6,11.3,29.9,3,2012,6,3,1077,8616,6258,28161,7335,36777,0,1,0,1,1,0,0
544,2012-06-28,83.5,56.5,42.1,7,29.8,3,2012,6,4,921,7368,5958,26811,6879,34179,0,1,0,1,1,0,0
545,2012-06-29,87.8,69.1,56.5,10.4,29.7,3,2012,6,5,829,6632,4634,20853,5463,27485,0,1,0,1,1,0,0
546,2012-06-30,84.9,66.8,59.5,5.2,29.8,3,2012,6,6,1455,11640,4232,19044,5687,30684,0,1,1,0,1,0,0
547,2012-07-01,88.8,67.4,52.5,7.1,29.9,3,2012,7,0,1421,11368,4110,18495,5531,29863,0,1,1,0,1,0,0
548,2012-07-02,85.9,62.2,46.7,8.2,29.9,3,2012,7,1,904,7232,5323,23953.5,6227,31185.5,0,1,0,1,1,0,0
549,2012-07-03,85.4,63.6,51.7,6.5,29.9,3,2012,7,2,1052,8416,5608,25236,6660,33652,0,1,0,1,1,0,0
550,2012-07-04,87.6,67.6,53.3,6.7,29.9,3,2012,7,3,2562,20496,4841,21784.5,7403,42280.5,1,0,1,0,1,0,0
551,2012-07-05,90.3,66,45.8,8.2,29.8,3,2012,7,4,1405,11240,4836,21762,6241,33002,0,1,0,1,1,0,0
552,2012-07-06,90.3,64.2,44.1,6.3,29.9,3,2012,7,5,1366,10928,4841,21784.5,6207,32712.5,0,1,0,1,1,0,0
553,2012-07-07,93.2,69.4,49.6,7,29.9,3,2012,7,6,1448,11584,3392,15264,4840,26848,0,1,1,0,1,0,0
554,2012-07-08,89.2,72.2,58.8,6.2,29.8,3,2012,7,0,1203,9624,3469,15610.5,4672,25234.5,0,1,1,0,1,0,0
555,2012-07-09,79.2,68.8,72.4,7.7,29.9,3,2012,7,1,998,7984,5571,25069.5,6569,33053.5,0,1,0,1,0,0,1
556,2012-07-10,78.7,67.7,70.8,9.2,30,3,2012,7,2,954,7632,5336,24012,6290,31644,0,1,0,1,0,0,1
557,2012-07-11,80.3,64.8,62.1,6.3,30.1,3,2012,7,3,975,7800,6289,28300.5,7264,36100.5,0,1,0,1,1,0,0
558,2012-07-12,80.2,60.5,52.7,6,30.2,3,2012,7,4,1032,8256,6414,28863,7446,37119,0,1,0,1,1,0,0
559,2012-07-13,81.6,60,48.5,3.7,30.2,3,2012,7,5,1511,12088,5988,26946,7499,39034,0,1,0,1,0,0,1
560,2012-07-14,79.3,68.3,70.1,5.6,30.2,3,2012,7,6,2355,18840,4614,20763,6969,39603,0,1,1,0,0,0,1
561,2012-07-15,83.2,71.5,70.5,7.3,30.1,3,2012,7,0,1920,15360,4111,18499.5,6031,33859.5,0,1,1,0,1,0,0
562,2012-07-16,86,69.9,59.8,7.9,29.9,3,2012,7,1,1088,8704,5742,25839,6830,34543,0,1,0,1,1,0,0
563,2012-07-17,89.4,66.7,50,5.6,29.9,3,2012,7,2,921,7368,5865,26392.5,6786,33760.5,0,1,0,1,1,0,0
564,2012-07-18,87.7,69.5,56.4,8.4,29.9,3,2012,7,3,799,6392,4914,22113,5713,28505,0,1,0,1,1,0,0
565,2012-07-19,83.3,69.8,65.6,10.4,29.9,3,2012,7,4,888,7104,5703,25663.5,6591,32767.5,0,1,0,1,1,0,0
566,2012-07-20,76,70.9,84,9.1,29.9,3,2012,7,5,747,5976,5123,23053.5,5870,29029.5,0,1,0,1,0,0,1
567,2012-07-21,69.5,65.5,87.6,8.7,30.1,3,2012,7,6,1264,10112,3195,14377.5,4459,24489.5,0,1,1,0,0,1,0
568,2012-07-22,74.8,67.3,78.1,3.7,30.1,3,2012,7,0,2544,20352,4866,21897,7410,42249,0,1,1,0,0,0,1
569,2012-07-23,81.7,70.7,71.4,6,30,3,2012,7,1,1135,9080,5831,26239.5,6966,35319.5,0,1,0,1,1,0,0
570,2012-07-24,83.3,69.6,64.3,9.2,29.8,3,2012,7,2,1140,9120,6452,29034,7592,38154,0,1,0,1,1,0,0
571,2012-07-25,80.7,56,44.7,7.6,29.9,3,2012,7,3,1383,11064,6790,30555,8173,41619,0,1,0,1,1,0,0
572,2012-07-26,85.5,69.4,60.2,11.1,29.7,3,2012,7,4,1036,8288,5825,26212.5,6861,34500.5,0,1,0,1,1,0,0
573,2012-07-27,85.8,69.5,59.7,6.7,29.8,3,2012,7,5,1259,10072,5645,25402.5,6904,35474.5,0,1,0,1,1,0,0
574,2012-07-28,84,67.5,59.9,9.1,29.9,3,2012,7,6,2234,17872,4451,20029.5,6685,37901.5,0,1,1,0,1,0,0
575,2012-07-29,80.8,65.8,61.8,7.5,30,3,2012,7,0,2153,17224,4444,19998,6597,37222,0,1,1,0,1,0,0
576,2012-07-30,81.1,68.8,67.3,6.6,30,3,2012,7,1,1040,8320,6065,27292.5,7105,35612.5,0,1,0,1,1,0,0
577,2012-07-31,80.9,68.7,67.5,7.2,29.9,3,2012,7,2,968,7744,6248,28116,7216,35860,0,1,0,1,1,0,0
578,2012-08-01,80.5,68.5,67.6,6.3,29.9,3,2012,8,3,1074,8592,6506,29277,7580,37869,0,1,0,1,1,0,0
579,2012-08-02,84.1,70,64.2,5.5,29.9,3,2012,8,4,983,7864,6278,28251,7261,36115,0,1,0,1,1,0,0
580,2012-08-03,84.7,70.3,63.7,8.9,30,3,2012,8,5,1328,10624,5847,26311.5,7175,36935.5,0,1,0,1,0,0,1
581,2012-08-04,86.9,71.1,61.8,10.6,30.1,3,2012,8,6,2345,18760,4479,20155.5,6824,38915.5,0,1,1,0,1,0,0
582,2012-08-05,84.9,70.8,64.3,12.3,30.1,3,2012,8,0,1707,13656,3757,16906.5,5464,30562.5,0,1,1,0,1,0,0
583,2012-08-06,83.3,69.9,65.4,6.2,30,3,2012,8,1,1233,9864,5780,26010,7013,35874,0,1,0,1,0,0,1
584,2012-08-07,81.8,70.9,70.2,5,30,3,2012,8,2,1278,10224,5995,26977.5,7273,37201.5,0,1,0,1,0,0,1
585,2012-08-08,83.3,70.5,66.6,4.7,29.9,3,2012,8,3,1263,10104,6271,28219.5,7534,38323.5,0,1,0,1,0,0,1
586,2012-08-09,84.5,67.5,59.9,7.8,29.9,3,2012,8,4,1196,9568,6090,27405,7286,36973,0,1,0,1,1,0,0
587,2012-08-10,78.8,69.9,74.9,9.5,29.8,3,2012,8,5,1065,8520,4721,21244.5,5786,29764.5,0,1,0,1,0,0,1
588,2012-08-11,78.3,68.9,74,9.1,29.9,3,2012,8,6,2247,17976,4052,18234,6299,36210,0,1,1,0,0,0,1
589,2012-08-12,78.8,59.9,53.9,5.2,29.9,3,2012,8,0,2182,17456,4362,19629,6544,37085,0,1,1,0,1,0,0
590,2012-08-13,80.6,61.9,54.7,5.7,30,3,2012,8,1,1207,9656,5676,25542,6883,35198,0,1,0,1,1,0,0
591,2012-08-14,80.5,69,69.5,6.6,29.9,3,2012,8,2,1128,9024,5656,25452,6784,34476,0,1,0,1,1,0,0
592,2012-08-15,79.5,65,61.7,7.3,29.9,3,2012,8,3,1198,9584,6149,27670.5,7347,37254.5,0,1,0,1,1,0,0
593,2012-08-16,80.7,59.4,51.1,6.4,29.9,3,2012,8,4,1338,10704,6267,28201.5,7605,38905.5,0,1,0,1,1,0,0
594,2012-08-17,80.5,63.3,58.5,9.6,29.8,3,2012,8,5,1483,11864,5665,25492.5,7148,37356.5,0,1,0,1,1,0,0
595,2012-08-18,76.3,61.6,63.5,7.4,29.9,3,2012,8,6,2827,22616,5038,22671,7865,45287,0,1,1,0,1,0,0
596,2012-08-19,73,63.6,72.5,3.6,29.9,3,2012,8,0,1208,9664,3341,15034.5,4549,24698.5,0,1,1,0,0,0,1
597,2012-08-20,72.8,63.8,74.4,5.4,29.9,3,2012,8,1,1026,8208,5504,24768,6530,32976,0,1,0,1,0,0,1
598,2012-08-21,73.8,61.7,67.8,4.1,30,3,2012,8,2,1081,8648,5925,26662.5,7006,35310.5,0,1,0,1,1,0,0
599,2012-08-22,76.1,63.7,66.3,5.1,30.1,3,2012,8,3,1094,8752,6281,28264.5,7375,37016.5,0,1,0,1,1,0,0
600,2012-08-23,78.5,64,63.6,3.3,30.1,3,2012,8,4,1363,10904,6402,28809,7765,39713,0,1,0,1,1,0,0
601,2012-08-24,79.2,64,61.1,3,30.1,3,2012,8,5,1325,10600,6257,28156.5,7582,38756.5,0,1,0,1,0,0,1
602,2012-08-25,75.7,65.4,70.7,10.4,30.2,3,2012,8,6,1829,14632,4224,19008,6053,33640,0,1,1,0,0,0,1
603,2012-08-26,74.3,69.6,84.8,9.4,30.2,3,2012,8,0,1483,11864,3772,16974,5255,28838,0,1,1,0,0,0,1
604,2012-08-27,77.8,69,75.8,4.6,30.1,3,2012,8,1,989,7912,5928,26676,6917,34588,0,1,0,1,1,0,0
605,2012-08-28,80.9,65.8,63.5,7.9,29.9,3,2012,8,2,935,7480,6105,27472.5,7040,34952.5,0,1,0,1,1,0,0
606,2012-08-29,77.4,59.4,55.3,4.8,30,3,2012,8,3,1177,9416,6520,29340,7697,38756,0,1,0,1,1,0,0
607,2012-08-30,79,62.9,59.5,3.4,30.1,3,2012,8,4,1172,9376,6541,29434.5,7713,38810.5,0,1,0,1,1,0,0
608,2012-08-31,84.8,65.2,57.7,7.2,30.1,3,2012,8,5,1433,11464,5917,26626.5,7350,38090.5,0,1,0,1,1,0,0
609,2012-09-01,82.1,69.7,67.3,6.1,30,3,2012,9,6,2352,18816,3788,17046,6140,35862,0,1,1,0,0,0,1
610,2012-09-02,78.8,72.1,80.2,2.9,30,3,2012,9,0,2613,20904,3197,14386.5,5810,35290.5,0,1,1,0,0,0,1
611,2012-09-03,79.7,72.2,78.4,6.3,30,3,2012,9,1,1965,15720,4069,18310.5,6034,34030.5,1,0,1,0,1,0,0
612,2012-09-04,80.5,72.5,77.1,9,29.9,3,2012,9,2,867,6936,5997,26986.5,6864,33922.5,0,1,0,1,1,0,0
613,2012-09-05,81.9,72.8,74,8.5,29.8,3,2012,9,3,832,6656,6280,28260,7112,34916,0,1,0,1,1,0,0
614,2012-09-06,78.5,72.1,81.2,6,29.9,3,2012,9,4,611,4888,5592,25164,6203,30052,0,1,0,1,0,0,1
615,2012-09-07,79.4,69.1,72.1,7.2,29.9,3,2012,9,5,1045,8360,6459,29065.5,7504,37425.5,0,1,0,1,1,0,0
616,2012-09-08,75.3,68.6,80.3,13.7,29.7,3,2012,9,6,1557,12456,4419,19885.5,5976,32341.5,0,1,1,0,0,0,1
617,2012-09-09,70.7,52.6,55.3,9.3,29.9,3,2012,9,0,2570,20560,5657,25456.5,8227,46016.5,0,1,1,0,1,0,0
618,2012-09-10,68.2,48.1,50.2,11,30.1,3,2012,9,1,1118,8944,6407,28831.5,7525,37775.5,0,1,0,1,1,0,0
619,2012-09-11,67.8,47.5,51.8,4.3,30.3,3,2012,9,2,1070,8560,6697,30136.5,7767,38696.5,0,1,0,1,1,0,0
620,2012-09-12,69.5,53.2,58.1,5.5,30.3,3,2012,9,3,1050,8400,6820,30690,7870,39090,0,1,0,1,1,0,0
621,2012-09-13,71,57,63.2,3.7,30.3,3,2012,9,4,1054,8432,6750,30375,7804,38807,0,1,0,1,1,0,0
622,2012-09-14,72.9,60.6,66.9,4.6,30.2,3,2012,9,5,1379,11032,6630,29835,8009,40867,0,1,0,1,1,0,0
623,2012-09-15,70.8,50,49.8,10.3,30.1,3,2012,9,6,3160,25280,5554,24993,8714,50273,0,1,1,0,1,0,0
624,2012-09-16,67.9,51.3,56.7,4.2,30.1,3,2012,9,0,2166,17328,5167,23251.5,7333,40579.5,0,1,1,0,1,0,0
625,2012-09-17,69.3,60.3,73.4,7,30,3,2012,9,1,1022,8176,5847,26311.5,6869,34487.5,0,1,0,1,0,0,1
626,2012-09-18,72.1,67.9,86.7,15.2,29.7,3,2012,9,2,371,2968,3702,16659,4073,19627,0,1,0,1,0,0,1
627,2012-09-19,65.5,47.5,53.5,9.2,30,3,2012,9,3,788,6304,6803,30613.5,7591,36917.5,0,1,0,1,1,0,0
628,2012-09-20,65.1,51,61.8,5.1,30.1,3,2012,9,4,939,7512,6781,30514.5,7720,38026.5,0,1,0,1,1,0,0
629,2012-09-21,69.5,57.8,67.1,6.3,30,3,2012,9,5,1250,10000,6917,31126.5,8167,41126.5,0,1,0,1,1,0,0
630,2012-09-22,75.4,61,62,12,29.9,3,2012,9,6,2512,20096,5883,26473.5,8395,46569.5,0,1,1,0,1,0,0
631,2012-09-23,63.2,42.1,46.8,9.3,30.1,4,2012,9,0,2454,19632,5453,24538.5,7907,44170.5,0,1,1,0,1,0,0
632,2012-09-24,62,41.7,49.4,6.8,30.2,4,2012,9,1,1001,8008,6435,28957.5,7436,36965.5,0,1,0,1,1,0,0
633,2012-09-25,65.2,48.9,57.3,9.9,30.1,4,2012,9,2,845,6760,6693,30118.5,7538,36878.5,0,1,0,1,1,0,0
634,2012-09-26,73.4,59.7,63.1,10.6,30.1,4,2012,9,3,787,6296,6946,31257,7733,37553,0,1,0,1,1,0,0
635,2012-09-27,73.9,62.8,69.9,6,30.1,4,2012,9,4,751,6008,6642,29889,7393,35897,0,1,0,1,0,0,1
636,2012-09-28,71.4,59.6,68.6,6.7,30,4,2012,9,5,1045,8360,6370,28665,7415,37025,0,1,0,1,0,0,1
637,2012-09-29,64.3,47.7,55.6,9.1,30,4,2012,9,6,2589,20712,5966,26847,8555,47559,0,1,1,0,1,0,0
638,2012-09-30,63.2,47.2,57.9,6.5,29.9,4,2012,9,0,2015,16120,4874,21933,6889,38053,0,1,1,0,1,0,0
639,2012-10-01,62.7,50.2,65.1,3.9,29.9,4,2012,10,1,763,6104,6015,27067.5,6778,33171.5,0,1,0,1,0,0,1
640,2012-10-02,69.6,66.3,89.5,4.7,29.9,4,2012,10,2,315,2520,4324,19458,4639,21978,0,1,0,1,0,1,0
641,2012-10-03,74,68.1,83,2.9,30,4,2012,10,3,728,5824,6844,30798,7572,36622,0,1,0,1,0,0,1
642,2012-10-04,74.7,65,73.3,5,30.1,4,2012,10,4,891,7128,6437,28966.5,7328,36094.5,0,1,0,1,0,0,1
643,2012-10-05,71.3,56.8,62.5,4.6,30.1,4,2012,10,5,1516,12128,6640,29880,8156,42008,0,1,0,1,1,0,0
644,2012-10-06,65.6,53.4,66.1,11.1,29.9,4,2012,10,6,3031,24248,4934,22203,7965,46451,0,1,1,0,1,0,0
645,2012-10-07,52.9,44.1,73.2,6.3,30.1,4,2012,10,0,781,6248,2729,12280.5,3510,18528.5,0,1,1,0,0,0,1
646,2012-10-08,50.1,41.2,71.8,7.9,30.2,4,2012,10,1,874,6992,4604,20718,5478,27710,1,0,1,0,0,0,1
647,2012-10-09,55,47.8,77.1,8.1,30.1,4,2012,10,2,601,4808,5791,26059.5,6392,30867.5,0,1,0,1,0,0,1
648,2012-10-10,60.8,49.9,69.6,6.5,30,4,2012,10,3,780,6240,6911,31099.5,7691,37339.5,0,1,0,1,1,0,0
649,2012-10-11,55.2,31.3,45.6,8.1,30.2,4,2012,10,4,834,6672,6736,30312,7570,36984,0,1,0,1,1,0,0
650,2012-10-12,55.3,35,54,9.8,30.2,4,2012,10,5,1060,8480,6222,27999,7282,36479,0,1,0,1,1,0,0
651,2012-10-13,51,29.1,50,6.8,30.4,4,2012,10,6,2252,18016,4857,21856.5,7109,39872.5,0,1,1,0,1,0,0
652,2012-10-14,62.9,49.5,63.6,11.5,30.1,4,2012,10,0,2080,16640,4559,20515.5,6639,37155.5,0,1,1,0,1,0,0
653,2012-10-15,67,57.5,71.6,11.7,29.8,4,2012,10,1,760,6080,5115,23017.5,5875,29097.5,0,1,0,1,0,0,1
654,2012-10-16,57.9,41.7,55.8,7.5,29.9,4,2012,10,2,922,7376,6612,29754,7534,37130,0,1,0,1,1,0,0
655,2012-10-17,57.2,46,68.3,4.2,29.9,4,2012,10,3,979,7832,6482,29169,7461,37001,0,1,0,1,1,0,0
656,2012-10-18,62.5,53.2,72.8,9.8,29.9,4,2012,10,4,1008,8064,6501,29254.5,7509,37318.5,0,1,0,1,0,0,1
657,2012-10-19,66.7,60.9,82.1,5.8,29.7,4,2012,10,5,753,6024,4671,21019.5,5424,27043.5,0,1,0,1,0,0,1
658,2012-10-20,59.5,43.3,57.2,5.5,29.8,4,2012,10,6,2806,22448,5284,23778,8090,46226,0,1,1,0,1,0,0
659,2012-10-21,57.6,38.8,51.1,6.9,30.1,4,2012,10,0,2132,17056,4692,21114,6824,38170,0,1,1,0,1,0,0
660,2012-10-22,60.1,42.3,55.3,3.7,30.1,4,2012,10,1,830,6640,6228,28026,7058,34666,0,1,0,1,1,0,0
661,2012-10-23,65.7,51.7,62.9,3.8,30.1,4,2012,10,2,841,6728,6625,29812.5,7466,36540.5,0,1,0,1,1,0,0
662,2012-10-24,68.8,54.7,63.4,3,30.1,4,2012,10,3,795,6360,6898,31041,7693,37401,0,1,0,1,1,0,0
663,2012-10-25,64.8,58.8,81.4,5.8,30.2,4,2012,10,4,875,7000,6484,29178,7359,36178,0,1,0,1,0,0,1
664,2012-10-26,64.8,58.8,81.4,5.8,30.1,4,2012,10,5,1182,9456,6262,28179,7444,37635,0,1,0,1,0,0,1
665,2012-10-27,63.2,53.6,72.2,9.9,29.9,4,2012,10,6,2643,21144,5209,23440.5,7852,44584.5,0,1,1,0,0,0,1
666,2012-10-28,58.5,48.1,69.3,16.8,29.7,4,2012,10,0,998,7984,3461,15574.5,4459,23558.5,0,1,1,0,0,0,1
667,2012-10-29,51,46.4,84.5,25.1,29.1,4,2012,10,1,2,16,20,90,22,106,0,1,0,1,0,1,0
668,2012-10-30,43.3,39.1,85.6,13.2,29.2,4,2012,10,2,87,696,1009,4540.5,1096,5236.5,0,1,0,1,0,0,1
669,2012-10-31,47.9,37.5,68.7,6.8,29.6,4,2012,10,3,419,3352,5147,23161.5,5566,26513.5,0,1,0,1,0,0,1
670,2012-11-01,48.8,33,57.8,6.4,29.7,4,2012,11,4,466,3728,5520,24840,5986,28568,0,1,0,1,0,0,1
671,2012-11-02,47.8,27.8,52.2,11.5,29.8,4,2012,11,5,618,4944,5229,23530.5,5847,28474.5,0,1,0,1,1,0,0
672,2012-11-03,46.7,28.8,50,11.4,30,4,2012,11,6,1029,8232,4109,18490.5,5138,26722.5,0,1,1,0,0,0,1
673,2012-11-04,44.9,27.4,54.1,7.7,30.1,4,2012,11,0,1201,9608,3906,17577,5107,27185,0,1,1,0,1,0,0
674,2012-11-05,44.3,26.2,49.6,9.7,30.1,4,2012,11,1,378,3024,4881,21964.5,5259,24988.5,0,1,0,1,1,0,0
675,2012-11-06,41.2,26.7,57.3,7.5,30.1,4,2012,11,2,466,3728,5220,23490,5686,27218,0,1,0,1,1,0,0
676,2012-11-07,42.2,27.3,55.7,12.7,29.9,4,2012,11,3,326,2608,4709,21190.5,5035,23798.5,0,1,0,1,0,0,1
677,2012-11-08,47.2,18.9,34.6,14.9,29.9,4,2012,11,4,340,2720,4975,22387.5,5315,25107.5,0,1,0,1,1,0,0
678,2012-11-09,48.3,23.1,55.8,8.6,30.2,4,2012,11,5,709,5672,5283,23773.5,5992,29445.5,0,1,0,1,1,0,0
679,2012-11-10,50.9,38.3,64.9,2.4,30.3,4,2012,11,6,2090,16720,4446,20007,6536,36727,0,1,1,0,1,0,0
680,2012-11-11,54,41.7,66,5.4,30.4,4,2012,11,0,2290,18320,4562,20529,6852,38849,0,1,1,0,1,0,0
681,2012-11-12,60,51.6,74.3,7.7,30.3,4,2012,11,1,1097,8776,5172,23274,6269,32050,1,0,1,0,1,0,0
682,2012-11-13,46.1,36,69.9,14.3,30.4,4,2012,11,2,327,2616,3767,16951.5,4094,19567.5,0,1,0,1,0,0,1
683,2012-11-14,41.8,26.8,56,8.1,30.5,4,2012,11,3,373,2984,5122,23049,5495,26033,0,1,0,1,1,0,0
684,2012-11-15,44.8,27.2,61.9,6.4,30.4,4,2012,11,4,320,2560,5125,23062.5,5445,25622.5,0,1,0,1,0,0,1
685,2012-11-16,46.7,24.4,52.7,7.2,30.4,4,2012,11,5,484,3872,5214,23463,5698,27335,0,1,0,1,1,0,0
686,2012-11-17,45.2,29,54.9,7.5,30.5,4,2012,11,6,1313,10504,4316,19422,5629,29926,0,1,1,0,1,0,0
687,2012-11-18,46.8,37.3,69.7,9.6,30.6,4,2012,11,0,922,7376,3747,16861.5,4669,24237.5,0,1,1,0,1,0,0
688,2012-11-19,49.9,37.5,62.9,9.4,30.4,4,2012,11,1,449,3592,5050,22725,5499,26317,0,1,0,1,0,0,1
689,2012-11-20,49.4,39.4,69.2,3.4,30.1,4,2012,11,2,534,4272,5100,22950,5634,27222,0,1,0,1,0,0,1
690,2012-11-21,47.6,30.6,61.3,4.5,30.2,4,2012,11,3,615,4920,4531,20389.5,5146,25309.5,0,1,0,1,1,0,0
691,2012-11-22,46.3,28.3,58.4,2.2,30.2,4,2012,11,4,955,7640,1470,6615,2425,14255,1,0,1,0,1,0,0
692,2012-11-23,49.5,26.1,55.9,6.7,29.9,4,2012,11,5,1603,12824,2307,10381.5,3910,23205.5,0,1,0,1,1,0,0
693,2012-11-24,40.3,18.2,41.1,15.4,30,4,2012,11,6,532,4256,1745,7852.5,2277,12108.5,0,1,1,0,1,0,0
694,2012-11-25,37.7,19.7,48.8,6.1,30,4,2012,11,0,309,2472,2115,9517.5,2424,11989.5,0,1,1,0,1,0,0
695,2012-11-26,44.4,26.1,53.6,2.1,30.1,4,2012,11,1,337,2696,4750,21375,5087,24071,0,1,0,1,1,0,0
696,2012-11-27,41.9,30.6,80.1,10.3,30.2,4,2012,11,2,123,984,3836,17262,3959,18246,0,1,0,1,0,0,1
697,2012-11-28,42.5,21.3,49.8,8.5,30.3,4,2012,11,3,198,1584,5062,22779,5260,24363,0,1,0,1,1,0,0
698,2012-11-29,40.6,25.8,57.5,4.6,30.4,4,2012,11,4,243,1944,5080,22860,5323,24804,0,1,0,1,1,0,0
699,2012-11-30,42.8,29.9,65.8,2.1,30.3,4,2012,11,5,362,2896,5306,23877,5668,26773,0,1,0,1,1,0,0
700,2012-12-01,42.3,37.1,81.9,3.3,30.4,4,2012,12,6,951,7608,4240,19080,5191,26688,0,1,1,0,0,0,1
701,2012-12-02,44.9,40.5,85,4.3,30.3,4,2012,12,0,892,7136,3757,16906.5,4649,24042.5,0,1,1,0,0,0,1
702,2012-12-03,56.5,48.8,76.8,3.4,30.2,4,2012,12,1,555,4440,5679,25555.5,6234,29995.5,0,1,0,1,1,0,0
703,2012-12-04,59,49.6,72.3,7.5,30.1,4,2012,12,2,551,4408,6055,27247.5,6606,31655.5,0,1,0,1,1,0,0
704,2012-12-05,54.5,33.6,48.8,13.5,30.1,4,2012,12,3,331,2648,5398,24291,5729,26939,0,1,0,1,1,0,0
705,2012-12-06,38.6,22.3,52.7,7.3,30.3,4,2012,12,4,340,2720,5035,22657.5,5375,25377.5,0,1,0,1,1,0,0
706,2012-12-07,45.5,37.6,77.2,5.8,30.1,4,2012,12,5,349,2792,4659,20965.5,5008,23757.5,0,1,0,1,0,0,1
707,2012-12-08,49.8,47.7,92.6,4.2,29.9,4,2012,12,6,1153,9224,4429,19930.5,5582,29154.5,0,1,1,0,0,0,1
708,2012-12-09,49.9,47.5,92,5.8,30.1,4,2012,12,0,441,3528,2787,12541.5,3228,16069.5,0,1,1,0,0,0,1
709,2012-12-10,54.8,53,94,7.2,29.7,4,2012,12,1,329,2632,4841,21784.5,5170,24416.5,0,1,0,1,0,0,1
710,2012-12-11,48.2,29.5,59.6,12.7,30,4,2012,12,2,282,2256,5219,23485.5,5501,25741.5,0,1,0,1,0,0,1
711,2012-12-12,42.6,26.9,54.2,7.2,30.4,4,2012,12,3,310,2480,5009,22540.5,5319,25020.5,0,1,0,1,0,0,1
712,2012-12-13,42.3,24.1,49.5,7,30.4,4,2012,12,4,425,3400,5107,22981.5,5532,26381.5,0,1,0,1,1,0,0
713,2012-12-14,41.3,25.8,64.9,5.3,30.3,4,2012,12,5,429,3432,5182,23319,5611,26751,0,1,0,1,1,0,0
714,2012-12-15,45.2,24.4,64.3,4.4,30.2,4,2012,12,6,767,6136,4280,19260,5047,25396,0,1,1,0,1,0,0
715,2012-12-16,48.3,44.2,85.3,3.7,30,4,2012,12,0,538,4304,3248,14616,3786,18920,0,1,1,0,0,0,1
716,2012-12-17,51.6,49.1,91.8,5,29.7,4,2012,12,1,212,1696,4373,19678.5,4585,21374.5,0,1,0,1,0,0,1
717,2012-12-18,52.7,39.4,68.9,9.1,29.6,4,2012,12,2,433,3464,5124,23058,5557,26522,0,1,0,1,1,0,0
718,2012-12-19,45.9,23.9,62.6,7.9,30,4,2012,12,3,333,2664,4934,22203,5267,24867,0,1,0,1,1,0,0
719,2012-12-20,46.1,29.7,70.5,6.8,29.9,4,2012,12,4,314,2512,3814,17163,4128,19675,0,1,0,1,0,0,1
720,2012-12-21,47.1,32.2,60.9,16,29.4,1,2012,12,5,221,1768,3402,15309,3623,17077,0,1,0,1,0,0,1
721,2012-12-22,40,19.5,44.3,16.6,29.8,1,2012,12,6,205,1640,1544,6948,1749,8588,0,1,1,0,1,0,0
722,2012-12-23,38,21.7,53.4,5.1,30,1,2012,12,0,408,3264,1379,6205.5,1787,9469.5,0,1,1,0,1,0,0
723,2012-12-24,36.9,30.4,81.2,3.8,30,1,2012,12,1,174,1392,746,3357,920,4749,0,1,0,1,0,0,1
724,2012-12-25,40.2,32.1,79.5,6.1,30.1,1,2012,12,2,440,3520,573,2578.5,1013,6098.5,1,0,1,0,0,0,1
725,2012-12-26,37,32,86.6,14.1,29.8,1,2012,12,3,9,72,432,1944,441,2016,0,1,0,1,0,1,0
726,2012-12-27,38.5,27.9,69.5,14.7,29.7,1,2012,12,4,247,1976,1867,8401.5,2114,10377.5,0,1,0,1,0,0,1
727,2012-12-28,38.7,25.5,59.5,6.5,30.1,1,2012,12,5,644,5152,2451,11029.5,3095,16181.5,0,1,0,1,0,0,1
728,2012-12-29,37.5,23,81.3,4.3,29.8,1,2012,12,6,159,1272,1182,5319,1341,6591,0,1,1,0,0,0,1
729,2012-12-30,38.2,19.5,47.4,15,30.1,1,2012,12,0,364,2912,1432,6444,1796,9356,0,1,1,0,1,0,0
730,2012-12-31,35.7,21.7,57.6,6.6,30.2,1,2012,12,1,439,3512,2290,10305,2729,13817,0,1,0,1,0,0,1
