,date,temperature,dew_point,humidity,wind_speed,pressure,season,year,month,weather_condition_Clear_Partly cloudy,"weather_condition_Light Snow, Light Rain",weather_condition_Mist_Cloudy
0,2011-01-01,48.4,42.2,82.8,8.0,30.1,1,2011,1,0,0,1
1,2011-01-02,50.4,40.8,73.8,11.0,30.0,1,2011,1,0,0,1
2,2011-01-03,33.6,13.2,44.2,10.8,30.2,1,2011,1,1,0,0
3,2011-01-04,33.7,20.8,60.0,6.7,30.0,1,2011,1,1,0,0
4,2011-01-05,36.6,15.7,43.6,8.4,29.9,1,2011,1,1,0,0
5,2011-01-06,33.6,17.8,53.7,4.1,29.7,1,2011,1,1,0,0
6,2011-01-07,33.6,16.9,51.5,7.0,29.5,1,2011,1,0,0,1
7,2011-01-08,30.7,19.3,65.5,7.6,29.5,1,2011,1,0,0,1
8,2011-01-09,28.0,8.5,44.2,15.2,30.1,1,2011,1,1,0,0
9,2011-01-10,29.2,12.1,49.1,9.3,30.3,1,2011,1,1,0,0
10,2011-01-11,30.6,24.3,79.4,4.5,30.0,1,2011,1,0,0,1
11,2011-01-12,31.0,19.5,64.7,11.7,29.9,1,2011,1,1,0,0
12,2011-01-13,30.6,13.1,48.4,12.8,30.3,1,2011,1,1,0,0
13,2011-01-14,30.0,15.0,54.7,5.9,30.4,1,2011,1,1,0,0
14,2011-01-15,37.1,19.3,50.2,6.6,30.1,1,2011,1,0,0,1
15,2011-01-16,36.8,18.6,48.4,8.2,30.1,1,2011,1,1,0,0
16,2011-01-17,31.2,18.4,60.9,8.2,30.2,1,2011,1,0,0,1
17,2011-01-18,33.3,26.5,88.2,9.6,29.9,1,2011,1,0,0,1
18,2011-01-19,39.6,33.9,82.4,6.2,29.8,1,2011,1,0,0,1
19,2011-01-20,39.3,23.6,54.0,8.9,30.0,1,2011,1,0,0,1
20,2011-01-21,33.1,14.5,53.9,13.1,29.8,1,2011,1,1,0,0
21,2011-01-22,21.1,0.4,41.3,7.6,30.0,1,2011,1,1,0,0
22,2011-01-23,24.4,4.4,44.5,10.0,30.1,1,2011,1,1,0,0
23,2011-01-24,24.5,7.9,49.8,6.7,30.4,1,2011,1,1,0,0
24,2011-01-25,35.8,23.7,62.4,5.5,30.1,1,2011,1,0,0,1
25,2011-01-26,34.8,16.1,89.3,12.1,29.8,1,2011,1,0,1,0
26,2011-01-27,34.8,25.0,68.4,9.1,29.9,1,2011,1,1,0,0
27,2011-01-28,33.3,28.3,82.6,4.9,29.8,1,2011,1,0,0,1
28,2011-01-29,33.6,23.1,65.7,6.4,30.0,1,2011,1,1,0,0
29,2011-01-30,35.0,26.4,72.2,3.0,30.1,1,2011,1,1,0,0
30,2011-01-31,31.3,19.2,61.0,7.4,30.4,1,2011,1,0,0,1
31,2011-02-01,32.5,23.0,85.6,2.1,30.2,1,2011,2,0,0,1
32,2011-02-02,38.9,33.5,85.2,8.2,29.8,1,2011,2,0,0,1
33,2011-02-03,32.8,13.4,44.9,11.9,30.4,1,2011,2,1,0,0
34,2011-02-04,34.8,21.1,58.3,5.3,30.3,1,2011,2,0,0,1
35,2011-02-05,36.3,34.8,96.3,5.8,29.8,1,2011,2,0,0,1
36,2011-02-06,41.4,27.2,57.6,6.2,29.9,1,2011,2,1,0,0
37,2011-02-07,40.1,29.6,74.9,1.9,29.9,1,2011,2,1,0,0
38,2011-02-08,35.7,19.1,54.4,15.3,29.9,1,2011,2,1,0,0
39,2011-02-09,27.6,12.1,54.9,8.7,30.2,1,2011,2,0,0,1
40,2011-02-10,28.7,8.4,45.2,9.3,30.1,1,2011,2,1,0,0
41,2011-02-11,31.9,15.0,53.2,4.1,30.1,1,2011,2,1,0,0
42,2011-02-12,35.6,19.0,55.3,8.5,30.0,1,2011,2,1,0,0
43,2011-02-13,43.5,23.2,47.9,10.8,30.0,1,2011,2,1,0,0
44,2011-02-14,53.2,26.5,37.7,17.6,29.8,1,2011,2,1,0,0
45,2011-02-15,39.8,10.8,32.0,12.8,30.3,1,2011,2,1,0,0
46,2011-02-16,44.5,22.3,43.0,10.3,30.3,1,2011,2,1,0,0
47,2011-02-17,55.0,36.5,51.3,9.6,30.1,1,2011,2,1,0,0
48,2011-02-18,62.7,41.2,51.8,10.9,29.9,1,2011,2,1,0,0
49,2011-02-19,51.8,9.7,19.3,21.5,29.9,1,2011,2,1,0,0
50,2011-02-20,41.1,18.5,41.4,9.5,30.2,1,2011,2,1,0,0
51,2011-02-21,40.5,28.6,67.6,13.8,29.8,1,2011,2,0,0,1
52,2011-02-22,30.5,21.7,71.3,10.7,30.0,1,2011,2,1,0,0
53,2011-02-23,35.4,14.1,43.4,4.0,30.3,1,2011,2,1,0,0
54,2011-02-24,42.8,32.8,71.4,11.2,30.1,1,2011,2,0,0,1
55,2011-02-25,49.5,41.8,77.5,13.3,29.6,1,2011,2,0,0,1
56,2011-02-26,41.3,25.3,53.8,7.8,30.1,1,2011,2,1,0,0
57,2011-02-27,46.4,35.6,68.3,5.0,30.0,1,2011,2,1,0,0
58,2011-02-28,54.1,49.9,87.2,11.6,29.7,1,2011,2,0,0,1
59,2011-03-01,39.7,23.6,54.1,9.0,30.2,1,2011,3,1,0,0
60,2011-03-02,46.4,23.5,45.0,13.4,30.2,1,2011,3,1,0,0
61,2011-03-03,33.3,6.5,33.4,9.1,30.6,1,2011,3,1,0,0
62,2011-03-04,39.4,25.0,61.1,8.4,30.6,1,2011,3,0,0,1
63,2011-03-05,48.9,43.4,83.1,10.6,30.3,1,2011,3,0,0,1
64,2011-03-06,48.4,47.6,97.3,13.9,29.8,1,2011,3,0,0,1
65,2011-03-07,38.4,22.6,60.8,15.8,30.0,1,2011,3,1,0,0
66,2011-03-08,42.1,19.0,42.8,4.8,30.5,1,2011,3,1,0,0
67,2011-03-09,41.8,34.7,79.3,8.9,30.4,1,2011,3,0,0,1
68,2011-03-10,52.0,51.6,98.8,12.2,29.8,1,2011,3,0,1,0
69,2011-03-11,44.5,32.5,70.6,8.5,29.8,1,2011,3,0,0,1
70,2011-03-12,45.0,30.3,60.6,8.9,29.9,1,2011,3,1,0,0
71,2011-03-13,50.5,27.9,53.0,11.1,30.1,1,2011,3,1,0,0
72,2011-03-14,45.0,26.4,49.8,6.2,30.3,1,2011,3,1,0,0
73,2011-03-15,44.1,32.7,68.6,7.7,30.4,1,2011,3,0,0,1
74,2011-03-16,47.2,41.9,83.3,8.3,30.1,1,2011,3,0,0,1
75,2011-03-17,53.0,39.1,60.4,8.6,30.2,1,2011,3,1,0,0
76,2011-03-18,63.8,45.5,52.8,9.5,29.9,1,2011,3,1,0,0
77,2011-03-19,58.0,29.9,38.7,15.7,30.2,1,2011,3,1,0,0
78,2011-03-20,45.7,26.1,47.5,9.0,30.5,1,2011,3,1,0,0
79,2011-03-21,53.0,45.0,75.1,11.8,30.1,2,2011,3,0,0,1
80,2011-03-22,55.4,42.0,63.0,9.4,29.9,2,2011,3,1,0,0
81,2011-03-23,47.0,43.0,85.7,10.9,29.6,2,2011,3,0,0,1
82,2011-03-24,41.1,35.8,85.5,10.7,29.7,2,2011,3,0,0,1
83,2011-03-25,39.5,21.3,50.4,10.0,30.0,2,2011,3,1,0,0
84,2011-03-26,39.2,16.1,40.5,8.5,30.0,2,2011,3,1,0,0
85,2011-03-27,38.0,20.6,52.8,7.7,30.0,2,2011,3,0,0,1
86,2011-03-28,39.0,9.8,31.4,9.2,30.1,2,2011,3,1,0,0
87,2011-03-29,43.1,14.0,32.1,9.5,30.2,2,2011,3,1,0,0
88,2011-03-30,41.2,33.0,75.6,8.0,30.0,2,2011,3,0,0,1
89,2011-03-31,39.6,37.7,92.6,9.1,29.8,2,2011,3,0,1,0
90,2011-04-01,42.2,33.0,75.6,10.5,29.6,2,2011,4,0,0,1
91,2011-04-02,44.4,28.7,67.8,10.8,29.7,2,2011,4,0,0,1
92,2011-04-03,50.4,24.0,47.9,7.4,30.0,2,2011,4,1,0,0
93,2011-04-04,67.2,41.8,43.1,16.1,29.6,2,2011,4,1,0,0
94,2011-04-05,54.0,44.1,71.8,16.4,29.5,2,2011,4,0,0,1
95,2011-04-06,51.1,22.3,47.2,11.1,30.0,2,2011,4,1,0,0
96,2011-04-07,55.1,40.7,60.2,7.0,30.0,2,2011,4,1,0,0
97,2011-04-08,45.6,41.6,86.5,10.5,30.1,2,2011,4,0,0,1
98,2011-04-09,46.3,43.0,88.7,6.4,30.1,2,2011,4,0,0,1
99,2011-04-10,53.7,49.5,86.0,6.0,30.1,2,2011,4,0,0,1
100,2011-04-11,67.4,58.3,75.7,13.1,29.8,2,2011,4,0,0,1
101,2011-04-12,60.0,52.0,76.3,12.9,29.7,2,2011,4,0,0,1
102,2011-04-13,51.7,47.7,87.5,9.8,29.8,2,2011,4,0,0,1
103,2011-04-14,57.7,39.4,54.1,5.0,30.1,2,2011,4,1,0,0
104,2011-04-15,55.5,44.9,68.7,10.3,30.3,2,2011,4,1,0,0
105,2011-04-16,57.4,54.0,88.7,18.1,29.7,2,2011,4,0,1,0
106,2011-04-17,57.1,30.7,47.9,12.6,29.8,2,2011,4,1,0,0
107,2011-04-18,61.8,44.5,55.2,6.8,29.9,2,2011,4,1,0,0
108,2011-04-19,61.4,50.0,66.4,6.3,30.0,2,2011,4,0,0,1
109,2011-04-20,70.5,53.3,59.7,11.2,29.8,2,2011,4,1,0,0
110,2011-04-21,56.9,27.5,41.4,13.6,30.2,2,2011,4,1,0,0
111,2011-04-22,45.9,35.9,75.6,9.0,30.4,2,2011,4,0,0,1
112,2011-04-23,53.0,50.2,91.5,8.0,30.1,2,2011,4,0,0,1
113,2011-04-24,67.2,62.1,85.0,6.9,30.0,2,2011,4,0,0,1
114,2011-04-25,67.1,62.1,86.2,6.0,30.0,2,2011,4,1,0,0
115,2011-04-26,72.1,63.1,74.0,13.8,29.9,2,2011,4,1,0,0
116,2011-04-27,71.0,66.4,85.8,12.7,29.9,2,2011,4,0,0,1
117,2011-04-28,71.8,61.3,71.5,13.7,29.7,2,2011,4,0,0,1
118,2011-04-29,61.7,40.3,46.0,10.1,29.8,2,2011,4,1,0,0
119,2011-04-30,58.6,39.6,50.1,10.1,30.1,2,2011,4,1,0,0
120,2011-05-01,56.6,49.0,76.2,4.5,30.3,2,2011,5,0,0,1
121,2011-05-02,64.4,55.6,73.4,7.8,30.1,2,2011,5,0,0,1
122,2011-05-03,71.3,59.9,68.5,14.5,30.0,2,2011,5,0,0,1
123,2011-05-04,52.5,44.6,75.9,14.0,30.1,2,2011,5,0,0,1
124,2011-05-05,56.7,31.2,45.0,12.1,30.1,2,2011,5,1,0,0
125,2011-05-06,59.9,43.7,57.1,10.1,29.9,2,2011,5,1,0,0
126,2011-05-07,62.5,44.3,54.1,6.9,29.9,2,2011,5,1,0,0
127,2011-05-08,63.5,50.0,63.1,3.6,29.9,2,2011,5,1,0,0
128,2011-05-09,63.8,47.8,58.7,7.1,29.9,2,2011,5,1,0,0
129,2011-05-10,63.8,43.3,49.0,5.4,30.0,2,2011,5,1,0,0
130,2011-05-11,64.1,51.2,64.7,5.0,30.0,2,2011,5,1,0,0
131,2011-05-12,63.5,55.2,75.4,7.8,30.0,2,2011,5,1,0,0
132,2011-05-13,62.1,57.9,86.5,7.8,29.9,2,2011,5,0,0,1
133,2011-05-14,62.5,60.6,93.7,5.1,29.7,2,2011,5,0,0,1
134,2011-05-15,66.3,62.3,87.8,6.6,29.6,2,2011,5,0,0,1
135,2011-05-16,68.2,60.5,78.0,6.6,29.6,2,2011,5,1,0,0
136,2011-05-17,66.1,61.2,84.6,12.3,29.0,2,2011,5,0,0,1
137,2011-05-18,65.0,61.3,87.8,8.6,29.8,2,2011,5,0,0,1
138,2011-05-19,63.4,57.4,81.8,5.1,30.0,2,2011,5,0,0,1
139,2011-05-20,64.6,54.0,70.3,6.0,30.0,2,2011,5,1,0,0
140,2011-05-21,70.0,56.0,63.0,5.6,30.0,2,2011,5,1,0,0
141,2011-05-22,70.1,60.8,74.2,6.3,30.0,2,2011,5,1,0,0
142,2011-05-23,71.2,65.8,84.2,8.5,29.9,2,2011,5,0,0,1
143,2011-05-24,75.4,65.5,73.6,8.6,29.8,2,2011,5,0,0,1
144,2011-05-25,75.1,63.9,69.9,6.4,29.9,2,2011,5,1,0,0
145,2011-05-26,79.5,67.3,68.2,8.3,29.8,2,2011,5,1,0,0
146,2011-05-27,76.9,64.7,66.7,11.3,29.9,2,2011,5,1,0,0
147,2011-05-28,74.8,65.0,72.5,9.3,30.0,2,2011,5,1,0,0
148,2011-05-29,75.5,69.7,82.6,9.2,30.1,2,2011,5,1,0,0
149,2011-05-30,83.2,69.5,67.4,5.6,30.1,2,2011,5,1,0,0
150,2011-05-31,85.8,70.4,62.6,4.4,30.1,2,2011,5,1,0,0
151,2011-06-01,85.3,71.5,65.2,9.0,30.0,2,2011,6,0,0,1
152,2011-06-02,80.2,45.6,30.3,12.5,30.0,2,2011,6,1,0,0
153,2011-06-03,71.3,41.8,35.4,10.8,30.1,2,2011,6,1,0,0
154,2011-06-04,73.5,49.4,44.4,5.1,30.1,2,2011,6,1,0,0
155,2011-06-05,74.0,61.6,65.7,6.1,30.0,2,2011,6,0,0,1
156,2011-06-06,77.0,59.8,59.7,5.4,30.0,2,2011,6,1,0,0
157,2011-06-07,79.4,63.3,59.5,7.9,30.0,2,2011,6,1,0,0
158,2011-06-08,85.4,69.4,61.9,5.8,29.9,2,2011,6,1,0,0
159,2011-06-09,88.3,69.3,56.2,6.7,29.9,2,2011,6,0,0,1
160,2011-06-10,82.5,67.1,60.8,7.5,29.9,2,2011,6,1,0,0
161,2011-06-11,82.2,67.7,62.8,7.2,29.9,2,2011,6,1,0,0
162,2011-06-12,79.5,68.8,71.4,8.2,29.8,2,2011,6,1,0,0
163,2011-06-13,73.0,52.1,49.0,12.9,29.9,2,2011,6,1,0,0
164,2011-06-14,70.3,50.8,50.5,11.2,29.9,2,2011,6,1,0,0
165,2011-06-15,72.3,49.5,47.0,8.0,29.9,2,2011,6,1,0,0
166,2011-06-16,72.1,62.3,72.3,9.3,29.9,2,2011,6,0,0,1
167,2011-06-17,74.5,64.1,72.7,8.0,29.9,2,2011,6,1,0,0
168,2011-06-18,77.7,66.2,69.5,5.2,29.9,2,2011,6,1,0,0
169,2011-06-19,78.9,66.5,66.3,4.4,29.8,2,2011,6,0,0,1
170,2011-06-20,72.5,63.8,74.8,6.2,29.9,2,2011,6,0,0,1
171,2011-06-21,77.1,69.2,77.4,7.3,29.9,3,2011,6,0,0,1
172,2011-06-22,81.8,70.8,70.2,7.2,29.8,3,2011,6,1,0,0
173,2011-06-23,81.2,70.5,70.2,9.8,29.7,3,2011,6,0,0,1
174,2011-06-24,80.5,62.9,58.3,9.0,29.7,3,2011,6,1,0,0
175,2011-06-25,78.8,57.4,48.0,9.0,29.8,3,2011,6,1,0,0
176,2011-06-26,77.0,57.3,51.3,4.6,30.0,3,2011,6,1,0,0
177,2011-06-27,77.1,64.7,66.3,4.8,30.0,3,2011,6,0,0,1
178,2011-06-28,83.5,68.5,62.0,7.7,29.9,3,2011,6,1,0,0
179,2011-06-29,81.3,58.5,49.2,11.0,29.9,3,2011,6,1,0,0
180,2011-06-30,78.6,53.0,43.0,8.1,30.0,3,2011,6,1,0,0
181,2011-07-01,80.8,52.0,39.7,5.1,30.0,3,2011,7,1,0,0
182,2011-07-02,82.3,56.4,44.2,4.9,30.0,3,2011,7,1,0,0
183,2011-07-03,78.2,68.5,73.6,8.4,29.9,3,2011,7,0,0,1
184,2011-07-04,81.3,66.8,63.4,3.5,29.9,3,2011,7,0,0,1
185,2011-07-05,82.9,66.9,59.3,5.6,29.9,3,2011,7,1,0,0
186,2011-07-06,80.4,71.5,74.4,6.4,29.9,3,2011,7,1,0,0
187,2011-07-07,81.3,69.3,70.0,7.2,29.9,3,2011,7,1,0,0
188,2011-07-08,79.3,71.2,76.7,9.1,29.8,3,2011,7,0,0,1
189,2011-07-09,82.0,65.0,59.6,7.4,29.9,3,2011,7,1,0,0
190,2011-07-10,83.1,66.0,57.6,7.5,30.0,3,2011,7,1,0,0
191,2011-07-11,84.6,70.0,62.4,11.7,29.9,3,2011,7,1,0,0
192,2011-07-12,87.2,68.5,55.5,8.8,29.8,3,2011,7,1,0,0
193,2011-07-13,81.8,68.8,67.1,7.2,29.8,3,2011,7,1,0,0
194,2011-07-14,77.1,54.9,47.5,10.0,30.0,3,2011,7,1,0,0
195,2011-07-15,75.3,59.5,59.0,7.6,30.1,3,2011,7,1,0,0
196,2011-07-16,77.7,61.3,58.3,8.7,30.1,3,2011,7,1,0,0
197,2011-07-17,80.5,65.1,60.1,10.2,30.1,3,2011,7,1,0,0
198,2011-07-18,83.0,69.5,64.4,9.0,30.0,3,2011,7,1,0,0
199,2011-07-19,86.1,72.0,63.7,5.8,29.8,3,2011,7,1,0,0
200,2011-07-20,84.0,73.7,72.2,4.9,29.8,3,2011,7,1,0,0
201,2011-07-21,89.3,77.2,68.8,9.4,29.8,3,2011,7,0,0,1
202,2011-07-22,92.5,74.4,56.6,5.9,29.9,3,2011,7,1,0,0
203,2011-07-23,92.3,70.0,49.1,6.6,29.9,3,2011,7,1,0,0
204,2011-07-24,90.3,71.5,54.6,7.0,29.9,3,2011,7,1,0,0
205,2011-07-25,82.8,73.8,74.9,5.6,29.8,3,2011,7,1,0,0
206,2011-07-26,85.3,64.3,53.8,8.7,29.8,3,2011,7,1,0,0
207,2011-07-27,85.6,57.6,40.0,7.9,29.9,3,2011,7,1,0,0
208,2011-07-28,85.7,68.9,57.6,7.3,30.0,3,2011,7,1,0,0
209,2011-07-29,91.8,69.9,53.1,7.8,29.9,3,2011,7,1,0,0
210,2011-07-30,88.7,64.0,46.0,7.4,30.0,3,2011,7,1,0,0
211,2011-07-31,88.7,62.9,46.7,6.8,30.0,3,2011,7,1,0,0
212,2011-08-01,85.7,64.8,53.5,7.2,29.9,3,2011,8,1,0,0
213,2011-08-02,86.4,62.6,48.3,8.7,29.8,3,2011,8,1,0,0
214,2011-08-03,81.2,68.8,67.1,6.5,29.7,3,2011,8,0,0,1
215,2011-08-04,79.2,71.2,77.7,8.9,29.8,3,2011,8,0,0,1
216,2011-08-05,79.8,65.6,62.7,7.4,30.0,3,2011,8,1,0,0
217,2011-08-06,80.5,71.7,75.2,10.2,29.9,3,2011,8,0,0,1
218,2011-08-07,81.7,73.6,77.8,8.7,29.7,3,2011,8,1,0,0
219,2011-08-08,84.5,67.8,59.0,8.2,29.6,3,2011,8,1,0,0
220,2011-08-09,85.5,68.2,57.2,5.9,29.6,3,2011,8,1,0,0
221,2011-08-10,84.7,58.2,42.2,8.6,29.7,3,2011,8,1,0,0
222,2011-08-11,80.4,54.5,42.3,7.0,29.9,3,2011,8,1,0,0
223,2011-08-12,79.5,53.1,41.4,5.8,30.0,3,2011,8,1,0,0
224,2011-08-13,77.3,69.1,75.7,11.2,30.0,3,2011,8,0,0,1
225,2011-08-14,74.8,70.1,85.4,9.5,29.8,3,2011,8,0,0,1
226,2011-08-15,75.5,65.3,72.2,8.1,29.7,3,2011,8,1,0,0
227,2011-08-16,79.0,62.2,57.3,9.9,29.9,3,2011,8,1,0,0
228,2011-08-17,80.8,63.8,57.8,5.8,30.1,3,2011,8,1,0,0
229,2011-08-18,81.6,66.5,62.0,10.8,30.0,3,2011,8,1,0,0
230,2011-08-19,76.2,66.3,73.1,7.9,29.9,3,2011,8,0,0,1
231,2011-08-20,78.4,66.3,67.8,4.4,30.0,3,2011,8,1,0,0
232,2011-08-21,80.4,71.9,75.8,10.9,29.9,3,2011,8,1,0,0
233,2011-08-22,78.0,54.8,47.3,11.7,29.9,3,2011,8,1,0,0
234,2011-08-23,73.6,50.5,45.5,6.4,30.0,3,2011,8,1,0,0
235,2011-08-24,76.6,61.8,60.8,10.6,30.0,3,2011,8,1,0,0
236,2011-08-25,77.8,70.6,78.7,8.2,29.9,3,2011,8,0,0,1
237,2011-08-26,79.5,70.8,75.8,4.4,29.9,3,2011,8,1,0,0
238,2011-08-27,75.8,71.4,85.7,20.8,29.6,3,2011,8,0,0,1
239,2011-08-28,77.0,63.5,65.4,19.0,29.4,3,2011,8,1,0,0
240,2011-08-29,72.9,55.6,55.5,6.8,29.9,3,2011,8,1,0,0
241,2011-08-30,73.3,54.8,54.6,5.3,30.1,3,2011,8,1,0,0
242,2011-08-31,74.5,58.4,59.3,3.4,30.2,3,2011,8,1,0,0
243,2011-09-01,74.6,60.9,63.3,6.2,30.1,3,2011,9,1,0,0
244,2011-09-02,73.1,64.0,73.8,6.3,30.1,3,2011,9,0,0,1
245,2011-09-03,75.8,65.8,71.0,7.7,30.0,3,2011,9,1,0,0
246,2011-09-04,79.7,70.3,73.5,8.7,29.9,3,2011,9,1,0,0
247,2011-09-05,76.3,70.1,81.1,8.9,29.8,3,2011,9,0,0,1
248,2011-09-06,64.4,61.5,89.1,14.0,29.9,3,2011,9,0,1,0
249,2011-09-07,69.8,67.5,92.5,4.7,29.9,3,2011,9,0,1,0
250,2011-09-08,72.7,70.9,93.6,8.1,29.9,3,2011,9,0,1,0
251,2011-09-09,73.4,71.0,92.3,5.2,29.8,3,2011,9,0,0,1
252,2011-09-10,74.7,66.8,78.3,6.4,29.9,3,2011,9,1,0,0
253,2011-09-11,74.7,64.3,71.1,5.1,30.0,3,2011,9,1,0,0
254,2011-09-12,73.4,62.5,70.5,3.5,30.0,3,2011,9,1,0,0
255,2011-09-13,74.4,64.0,71.4,6.0,30.0,3,2011,9,1,0,0
256,2011-09-14,76.6,65.4,69.4,7.0,29.9,3,2011,9,1,0,0
257,2011-09-15,67.3,58.0,72.3,12.9,30.0,3,2011,9,0,0,1
258,2011-09-16,57.9,43.1,58.8,6.8,30.3,3,2011,9,0,0,1
259,2011-09-17,60.2,51.0,71.8,7.9,30.4,3,2011,9,0,0,1
260,2011-09-18,61.7,51.3,68.8,7.3,30.3,3,2011,9,1,0,0
261,2011-09-19,65.2,55.0,69.9,6.5,30.2,3,2011,9,0,0,1
262,2011-09-20,66.0,62.4,87.7,6.5,30.1,3,2011,9,0,0,1
263,2011-09-21,69.6,66.0,89.1,3.6,30.1,3,2011,9,0,0,1
264,2011-09-22,71.5,69.2,92.5,5.4,30.1,3,2011,9,0,0,1
265,2011-09-23,71.1,70.1,96.7,3.6,30.0,4,2011,9,0,0,1
266,2011-09-24,70.3,66.1,87.1,3.3,30.0,4,2011,9,0,0,1
267,2011-09-25,72.4,67.8,86.0,2.7,30.0,4,2011,9,0,0,1
268,2011-09-26,73.5,68.9,85.9,4.0,30.0,4,2011,9,0,0,1
269,2011-09-27,73.5,69.8,88.3,4.9,29.9,4,2011,9,0,0,1
270,2011-09-28,71.8,67.7,87.5,5.2,29.9,4,2011,9,0,0,1
271,2011-09-29,71.2,61.0,72.9,7.0,29.7,4,2011,9,1,0,0
272,2011-09-30,66.7,54.1,65.5,8.0,29.7,4,2011,9,1,0,0
273,2011-10-01,51.7,45.0,78.6,11.9,29.8,4,2011,10,0,0,1
274,2011-10-02,48.1,42.2,80.1,9.0,29.9,4,2011,10,0,0,1
275,2011-10-03,50.8,43.6,76.4,3.9,30.0,4,2011,10,0,0,1
276,2011-10-04,58.3,49.3,73.6,7.8,30.1,4,2011,10,1,0,0
277,2011-10-05,64.0,51.3,65.1,8.1,30.2,4,2011,10,1,0,0
278,2011-10-06,60.3,46.4,61.6,5.8,30.3,4,2011,10,1,0,0
279,2011-10-07,61.5,50.2,68.5,1.0,30.4,4,2011,10,1,0,0
280,2011-10-08,62.9,51.5,69.3,2.0,30.5,4,2011,10,1,0,0
281,2011-10-09,64.7,54.3,71.6,2.6,30.4,4,2011,10,1,0,0
282,2011-10-10,67.4,57.0,72.9,1.7,30.2,4,2011,10,1,0,0
283,2011-10-11,67.3,60.9,80.0,6.1,30.1,4,2011,10,0,0,1
284,2011-10-12,64.6,62.1,90.2,10.3,29.9,4,2011,10,0,1,0
285,2011-10-13,68.5,65.4,90.4,6.3,29.7,4,2011,10,0,0,1
286,2011-10-14,65.8,58.0,78.4,9.3,29.5,4,2011,10,0,0,1
287,2011-10-15,61.4,40.6,48.4,11.0,29.8,4,2011,10,1,0,0
288,2011-10-16,61.9,42.0,49.0,11.8,29.9,4,2011,10,1,0,0
289,2011-10-17,63.8,48.1,57.6,7.4,29.8,4,2011,10,1,0,0
290,2011-10-18,63.8,52.8,69.9,4.6,29.8,4,2011,10,0,0,1
291,2011-10-19,65.1,62.3,91.0,9.5,29.4,4,2011,10,0,1,0
292,2011-10-20,59.2,47.8,67.4,16.9,29.5,4,2011,10,1,0,0
293,2011-10-21,54.3,39.5,58.5,9.0,30.0,4,2011,10,1,0,0
294,2011-10-22,53.5,41.0,63.2,4.0,30.1,4,2011,10,1,0,0
295,2011-10-23,53.8,45.3,74.2,4.3,30.1,4,2011,10,1,0,0
296,2011-10-24,57.5,50.0,76.9,5.5,30.1,4,2011,10,1,0,0
297,2011-10-25,58.6,44.2,61.8,7.4,30.1,4,2011,10,1,0,0
298,2011-10-26,59.9,50.5,71.9,6.0,29.9,4,2011,10,0,0,1
299,2011-10-27,59.2,53.4,81.8,10.1,29.7,4,2011,10,0,0,1
300,2011-10-28,45.9,26.9,58.7,9.2,30.2,4,2011,10,0,0,1
301,2011-10-29,38.5,33.7,89.1,15.9,30.0,4,2011,10,0,1,0
302,2011-10-30,43.8,20.0,63.0,6.8,30.3,4,2011,10,1,0,0
303,2011-10-31,46.4,34.6,69.3,4.1,30.3,4,2011,10,1,0,0
304,2011-11-01,51.7,41.2,69.0,5.7,30.3,4,2011,11,1,0,0
305,2011-11-02,49.6,40.6,72.3,3.5,29.1,4,2011,11,1,0,0
306,2011-11-03,52.5,42.8,70.8,5.6,30.1,4,2011,11,1,0,0
307,2011-11-04,52.0,38.7,63.6,11.3,30.0,4,2011,11,0,0,1
308,2011-11-05,45.3,25.3,51.8,8.0,30.4,4,2011,11,1,0,0
309,2011-11-06,47.3,38.4,72.8,3.9,30.5,4,2011,11,1,0,0
310,2011-11-07,49.9,42.6,79.5,2.3,30.4,4,2011,11,1,0,0
311,2011-11-08,52.8,42.7,71.7,3.0,30.3,4,2011,11,1,0,0
312,2011-11-09,51.8,43.8,76.2,2.7,30.1,4,2011,11,1,0,0
313,2011-11-10,49.7,44.2,87.4,7.0,29.9,4,2011,11,0,0,1
314,2011-11-11,45.0,24.6,45.4,13.1,29.9,4,2011,11,1,0,0
315,2011-11-12,47.6,27.6,56.4,8.8,30.1,4,2011,11,1,0,0
316,2011-11-13,55.3,32.2,46.1,11.9,30.1,4,2011,11,1,0,0
317,2011-11-14,63.5,48.3,58.5,12.8,29.9,4,2011,11,1,0,0
318,2011-11-15,63.6,52.6,67.7,8.2,29.9,4,2011,11,0,0,1
319,2011-11-16,57.1,55.3,94.1,5.5,29.8,4,2011,11,0,1,0
320,2011-11-17,46.6,31.0,58.4,12.4,30.0,4,2011,11,0,0,1
321,2011-11-18,40.5,18.2,41.3,7.4,30.4,4,2011,11,1,0,0
322,2011-11-19,45.1,27.2,50.7,9.6,30.4,4,2011,11,1,0,0
323,2011-11-20,57.5,47.2,68.8,7.4,30.2,4,2011,11,0,0,1
324,2011-11-21,55.9,53.6,92.2,6.3,30.2,4,2011,11,0,1,0
325,2011-11-22,53.1,51.8,95.7,4.6,30.1,4,2011,11,0,1,0
326,2011-11-23,56.9,50.1,80.1,12.9,29.7,4,2011,11,0,0,1
327,2011-11-24,49.5,29.1,55.6,7.2,30.2,4,2011,11,1,0,0
328,2011-11-25,49.5,35.5,64.4,4.3,30.2,4,2011,11,1,0,0
329,2011-11-26,49.6,38.9,68.6,2.9,30.2,4,2011,11,1,0,0
330,2011-11-27,56.8,46.9,70.7,8.6,30.1,4,2011,11,1,0,0
331,2011-11-28,60.9,52.3,74.5,6.2,30.1,4,2011,11,1,0,0
332,2011-11-29,55.7,51.0,85.3,11.8,29.8,4,2011,11,0,0,1
333,2011-11-30,45.2,29.3,61.1,11.6,29.8,4,2011,11,1,0,0
334,2011-12-01,43.9,27.4,52.9,9.3,30.3,4,2011,12,1,0,0
335,2011-12-02,43.8,25.9,63.8,4.0,30.4,4,2011,12,1,0,0
336,2011-12-03,42.9,27.3,61.1,4.0,30.6,4,2011,12,1,0,0
337,2011-12-04,45.5,38.6,77.3,3.6,30.5,4,2011,12,1,0,0
338,2011-12-05,50.3,45.1,83.0,2.5,30.3,4,2011,12,0,0,1
339,2011-12-06,57.1,56.4,97.5,9.6,30.0,4,2011,12,0,1,0
340,2011-12-07,52.9,52.3,97.7,10.0,29.7,4,2011,12,0,1,0
341,2011-12-08,39.7,26.5,60.3,10.7,30.1,4,2011,12,1,0,0
342,2011-12-09,42.2,30.0,69.8,3.7,30.3,4,2011,12,1,0,0
343,2011-12-10,40.6,22.8,50.9,9.7,30.4,4,2011,12,1,0,0
344,2011-12-11,35.7,17.5,49.5,2.8,30.6,4,2011,12,1,0,0
345,2011-12-12,37.1,27.0,67.7,2.6,30.5,4,2011,12,1,0,0
346,2011-12-13,41.0,26.7,59.8,5.8,30.4,4,2011,12,1,0,0
347,2011-12-14,44.5,26.9,65.4,2.5,30.4,4,2011,12,0,0,1
348,2011-12-15,53.6,41.6,64.0,11.5,30.0,4,2011,12,0,0,1
349,2011-12-16,49.5,31.0,49.8,11.0,30.1,4,2011,12,0,0,1
350,2011-12-17,39.3,24.2,55.4,10.3,30.2,4,2011,12,0,0,1
351,2011-12-18,37.2,23.8,59.0,7.0,30.3,4,2011,12,1,0,0
352,2011-12-19,40.7,24.5,63.7,7.2,30.2,4,2011,12,1,0,0
353,2011-12-20,50.7,34.3,59.6,2.6,30.1,4,2011,12,0,0,1
354,2011-12-21,55.2,51.5,87.7,10.4,29.9,1,2011,12,0,0,1
355,2011-12-22,52.8,46.1,79.3,3.5,30.0,1,2011,12,0,0,1
356,2011-12-23,49.6,38.4,76.9,10.8,30.0,1,2011,12,1,0,0
357,2011-12-24,43.0,26.4,55.8,8.0,30.4,1,2011,12,1,0,0
358,2011-12-25,40.2,29.5,69.5,6.7,30.2,1,2011,12,1,0,0
359,2011-12-26,44.9,25.5,50.3,10.1,30.2,1,2011,12,1,0,0
360,2011-12-27,48.3,40.6,83.0,10.0,29.6,1,2011,12,0,0,1
361,2011-12-28,42.5,22.6,52.0,11.7,29.8,1,2011,12,1,0,0
362,2011-12-29,37.9,23.0,58.4,5.1,30.0,1,2011,12,1,0,0
363,2011-12-30,44.0,24.2,64.1,4.7,30.0,1,2011,12,1,0,0
364,2011-12-31,52.7,39.3,61.4,9.2,29.9,1,2011,12,1,0,0
365,2012-01-01,50.3,38.4,66.0,9.3,29.9,1,2012,1,1,0,0
366,2012-01-02,39.4,16.3,39.5,13.8,29.9,1,2012,1,1,0,0
367,2012-01-03,28.8,8.0,42.6,16.2,30.1,1,2012,1,1,0,0
368,2012-01-04,27.1,7.2,43.2,7.7,30.2,1,2012,1,0,0,1
369,2012-01-05,39.8,23.7,54.6,4.8,30.0,1,2012,1,1,0,0
370,2012-01-06,46.4,29.1,53.8,7.3,29.9,1,2012,1,1,0,0
371,2012-01-07,51.1,29.0,52.4,7.6,29.9,1,2012,1,1,0,0
372,2012-01-08,45.3,26.3,48.1,8.2,30.2,1,2012,1,1,0,0
373,2012-01-09,35.5,15.8,79.2,3.5,30.2,1,2012,1,0,0,1
374,2012-01-10,39.5,26.9,76.0,7.1,30.0,1,2012,1,1,0,0
375,2012-01-11,41.4,37.7,86.7,5.9,29.9,1,2012,1,0,0,1
376,2012-01-12,48.7,43.4,82.2,7.6,29.5,1,2012,1,0,0,1
377,2012-01-13,39.6,21.2,52.3,15.4,29.6,1,2012,1,1,0,0
378,2012-01-14,32.1,13.3,46.2,8.8,30.1,1,2012,1,1,0,0
379,2012-01-15,30.7,9.7,42.4,9.8,30.4,1,2012,1,1,0,0
380,2012-01-16,34.0,19.1,54.9,10.5,30.4,1,2012,1,1,0,0
381,2012-01-17,50.6,41.9,72.5,14.1,29.9,1,2012,1,0,0,1
382,2012-01-18,40.8,20.0,44.2,16.5,30.0,1,2012,1,1,0,0
383,2012-01-19,34.1,16.9,49.9,9.7,30.1,1,2012,1,1,0,0
384,2012-01-20,33.2,17.0,54.1,8.2,30.2,1,2012,1,0,0,1
385,2012-01-21,31.1,27.1,85.2,8.2,30.1,1,2012,1,0,0,1
386,2012-01-22,30.6,25.1,79.7,7.8,30.4,1,2012,1,0,0,1
387,2012-01-23,36.4,33.2,92.8,5.7,30.1,1,2012,1,0,0,1
388,2012-01-24,46.3,40.9,82.6,4.6,30.1,1,2012,1,1,0,0
389,2012-01-25,42.2,22.8,64.5,6.3,30.3,1,2012,1,1,0,0
390,2012-01-26,47.0,40.8,79.0,4.0,30.0,1,2012,1,0,0,1
391,2012-01-27,55.2,48.8,81.5,12.6,29.6,1,2012,1,0,0,1
392,2012-01-28,44.3,20.6,52.6,9.3,30.0,1,2012,1,1,0,0
393,2012-01-29,41.2,12.9,32.8,10.5,30.2,1,2012,1,1,0,0
394,2012-01-30,40.2,17.0,40.7,9.0,30.3,1,2012,1,1,0,0
395,2012-01-31,52.0,27.6,40.7,11.1,30.1,1,2012,1,1,0,0
396,2012-02-01,58.2,40.3,52.2,7.5,30.0,1,2012,2,1,0,0
397,2012-02-02,50.9,41.0,70.5,8.2,30.1,1,2012,2,0,0,1
398,2012-02-03,43.4,26.1,54.1,7.2,30.4,1,2012,2,1,0,0
399,2012-02-04,39.3,28.7,80.2,5.3,30.2,1,2012,2,0,0,1
400,2012-02-05,39.9,29.6,67.7,7.4,30.1,1,2012,2,0,0,1
401,2012-02-06,41.6,24.6,62.5,7.1,30.2,1,2012,2,1,0,0
402,2012-02-07,47.5,27.5,49.3,6.5,30.1,1,2012,2,1,0,0
403,2012-02-08,38.6,29.8,76.7,6.0,30.2,1,2012,2,0,0,1
404,2012-02-09,39.8,22.9,56.0,8.2,30.2,1,2012,2,1,0,0
405,2012-02-10,41.1,25.8,55.5,4.9,30.1,1,2012,2,0,0,1
406,2012-02-11,35.7,27.4,76.9,12.8,29.8,1,2012,2,0,1,0
407,2012-02-12,26.9,9.7,49.6,17.4,30.0,1,2012,2,1,0,0
408,2012-02-13,36.9,14.5,42.4,6.3,30.1,1,2012,2,1,0,0
409,2012-02-14,45.7,27.3,49.8,6.4,30.0,1,2012,2,0,0,1
410,2012-02-15,46.9,23.0,55.2,8.0,30.2,1,2012,2,1,0,0
411,2012-02-16,44.3,36.1,76.9,3.6,30.2,1,2012,2,0,0,1
412,2012-02-17,44.4,34.7,74.6,7.0,30.0,1,2012,2,1,0,0
413,2012-02-18,47.0,25.5,52.7,8.9,30.0,1,2012,2,1,0,0
414,2012-02-19,39.8,24.9,59.9,8.7,30.0,1,2012,2,0,0,1
415,2012-02-20,41.3,21.1,49.4,9.3,30.2,1,2012,2,1,0,0
416,2012-02-21,41.8,28.8,61.3,8.7,30.1,1,2012,2,1,0,0
417,2012-02-22,52.4,34.5,55.7,10.0,29.7,1,2012,2,1,0,0
418,2012-02-23,57.0,39.6,55.1,7.7,29.6,1,2012,2,1,0,0
419,2012-02-24,53.1,46.2,79.8,9.1,29.4,1,2012,2,0,0,1
420,2012-02-25,40.6,18.9,43.7,17.8,29.9,1,2012,2,1,0,0
421,2012-02-26,41.3,19.8,43.1,8.5,30.4,1,2012,2,1,0,0
422,2012-02-27,49.8,29.3,48.6,11.2,30.3,1,2012,2,1,0,0
423,2012-02-28,47.7,23.1,39.1,8.3,30.4,1,2012,2,1,0,0
424,2012-02-29,48.4,43.1,86.6,9.1,29.9,1,2012,2,0,0,1
425,2012-03-01,57.3,45.2,71.8,8.2,29.7,1,2012,3,1,0,0
426,2012-03-02,47.9,37.6,74.5,5.7,29.9,1,2012,3,0,0,1
427,2012-03-03,51.7,38.9,69.6,6.6,29.6,1,2012,3,0,0,1
428,2012-03-04,44.0,21.4,41.3,13.7,29.8,1,2012,3,1,0,0
429,2012-03-05,38.0,21.0,51.0,10.8,30.1,1,2012,3,1,0,0
430,2012-03-06,39.5,20.9,48.2,8.8,30.6,1,2012,3,1,0,0
431,2012-03-07,53.4,33.8,51.4,14.7,30.5,1,2012,3,1,0,0
432,2012-03-08,64.2,47.3,56.0,18.9,30.1,1,2012,3,1,0,0
433,2012-03-09,51.6,27.0,40.8,16.9,30.1,1,2012,3,0,0,1
434,2012-03-10,41.2,15.8,36.8,9.0,30.5,1,2012,3,1,0,0
435,2012-03-11,48.8,29.0,48.7,9.8,30.5,1,2012,3,1,0,0
436,2012-03-12,58.5,34.7,48.7,8.5,30.3,1,2012,3,1,0,0
437,2012-03-13,66.7,51.8,61.0,9.7,30.0,1,2012,3,1,0,0
438,2012-03-14,67.2,45.8,50.3,5.0,30.1,1,2012,3,1,0,0
439,2012-03-15,65.5,49.8,59.0,6.5,30.1,1,2012,3,1,0,0
440,2012-03-16,55.0,50.3,84.5,4.7,30.2,1,2012,3,0,0,1
441,2012-03-17,60.5,53.1,78.7,4.0,30.2,1,2012,3,0,0,1
442,2012-03-18,58.2,52.3,80.8,5.3,30.3,1,2012,3,0,0,1
443,2012-03-19,65.3,55.5,71.9,6.8,30.2,1,2012,3,1,0,0
444,2012-03-20,66.0,60.3,82.4,5.4,30.2,1,2012,3,1,0,0
445,2012-03-21,62.8,57.9,84.8,4.7,30.3,2,2012,3,0,0,1
446,2012-03-22,63.4,59.4,88.0,4.2,30.2,2,2012,3,1,0,0
447,2012-03-23,69.6,58.0,69.8,5.2,30.0,2,2012,3,0,0,1
448,2012-03-24,60.6,57.9,91.3,8.5,29.9,2,2012,3,0,0,1
449,2012-03-25,55.2,51.8,88.8,9.3,29.8,2,2012,3,0,0,1
450,2012-03-26,55.3,31.8,45.6,16.6,29.9,2,2012,3,1,0,0
451,2012-03-27,45.0,14.5,30.4,7.9,30.3,2,2012,3,1,0,0
452,2012-03-28,60.9,41.3,49.3,12.1,29.8,2,2012,3,1,0,0
453,2012-03-29,59.6,32.9,43.2,13.6,29.9,2,2012,3,1,0,0
454,2012-03-30,49.0,28.7,59.6,5.6,30.0,2,2012,3,0,0,1
455,2012-03-31,53.8,45.7,74.4,10.1,29.8,2,2012,3,0,0,1
456,2012-04-01,54.2,43.7,68.7,6.6,29.8,2,2012,4,0,0,1
457,2012-04-02,54.8,33.9,54.2,12.0,29.8,2,2012,4,1,0,0
458,2012-04-03,58.2,28.5,39.7,4.2,29.9,2,2012,4,1,0,0
459,2012-04-04,64.9,42.1,45.6,7.7,29.7,2,2012,4,1,0,0
460,2012-04-05,54.6,26.5,38.4,8.7,29.8,2,2012,4,1,0,0
461,2012-04-06,52.2,25.3,37.1,13.2,30.0,2,2012,4,1,0,0
462,2012-04-07,55.7,19.6,25.3,11.4,30.1,2,2012,4,1,0,0
463,2012-04-08,60.9,25.3,28.2,9.7,29.9,2,2012,4,1,0,0
464,2012-04-09,59.7,28.2,32.3,14.9,29.9,2,2012,4,1,0,0
465,2012-04-10,55.9,30.6,42.6,10.8,29.8,2,2012,4,1,0,0
466,2012-04-11,47.1,24.2,48.2,12.2,29.9,2,2012,4,1,0,0
467,2012-04-12,52.3,23.6,44.7,12.1,30.1,2,2012,4,1,0,0
468,2012-04-13,55.7,31.2,41.9,6.6,30.2,2,2012,4,1,0,0
469,2012-04-14,61.0,40.8,50.3,8.2,30.1,2,2012,4,1,0,0
470,2012-04-15,70.8,51.3,50.7,9.7,30.0,2,2012,4,1,0,0
471,2012-04-16,75.7,57.7,56.3,11.5,30.0,2,2012,4,1,0,0
472,2012-04-17,69.9,40.4,38.0,11.6,30.1,2,2012,4,1,0,0
473,2012-04-18,56.5,42.2,61.7,6.4,30.2,2,2012,4,0,0,1
474,2012-04-19,60.3,46.4,62.4,3.5,30.1,2,2012,4,1,0,0
475,2012-04-20,63.6,51.9,68.1,6.7,29.9,2,2012,4,1,0,0
476,2012-04-21,67.0,55.5,69.5,13.0,29.7,2,2012,4,1,0,0
477,2012-04-22,49.8,45.7,85.4,16.8,29.6,2,2012,4,0,1,0
478,2012-04-23,44.7,37.7,77.3,12.8,29.4,2,2012,4,0,0,1
479,2012-04-24,52.9,28.0,45.7,10.1,29.6,2,2012,4,1,0,0
480,2012-04-25,58.7,32.6,44.5,5.3,29.8,2,2012,4,1,0,0
481,2012-04-26,60.8,53.6,77.8,8.3,29.7,2,2012,4,0,0,1
482,2012-04-27,56.5,25.7,39.2,14.0,30.0,2,2012,4,1,0,0
483,2012-04-28,50.0,28.6,50.1,5.3,30.2,2,2012,4,0,0,1
484,2012-04-29,55.1,41.7,65.4,4.3,30.2,2,2012,4,1,0,0
485,2012-04-30,57.1,39.7,55.5,6.7,30.2,2,2012,4,0,0,1
486,2012-05-01,70.1,58.6,68.8,6.6,30.0,2,2012,5,0,0,1
487,2012-05-02,65.8,59.9,81.2,6.8,30.1,2,2012,5,1,0,0
488,2012-05-03,64.8,57.8,78.8,6.0,30.1,2,2012,5,0,0,1
489,2012-05-04,73.5,63.0,71.1,7.7,29.9,2,2012,5,1,0,0
490,2012-05-05,71.6,62.8,74.7,7.1,29.9,2,2012,5,0,0,1
491,2012-05-06,65.6,57.4,75.4,6.6,30.0,2,2012,5,0,0,1
492,2012-05-07,62.8,52.1,70.0,9.3,30.1,2,2012,5,0,0,1
493,2012-05-08,68.2,58.0,70.2,12.3,29.9,2,2012,5,0,0,1
494,2012-05-09,66.9,59.0,76.8,9.3,29.7,2,2012,5,0,0,1
495,2012-05-10,61.3,43.1,54.1,13.1,29.7,2,2012,5,1,0,0
496,2012-05-11,64.0,31.3,35.8,9.9,30.1,2,2012,5,1,0,0
497,2012-05-12,66.8,45.3,48.5,5.1,30.2,2,2012,5,1,0,0
498,2012-05-13,71.0,54.8,57.1,9.5,30.1,2,2012,5,1,0,0
499,2012-05-14,66.4,60.5,81.5,8.7,30.1,2,2012,5,0,0,1
500,2012-05-15,69.8,64.1,83.1,5.5,29.9,2,2012,5,0,0,1
501,2012-05-16,73.3,61.3,68.3,6.0,29.9,2,2012,5,1,0,0
502,2012-05-17,69.0,48.8,50.9,9.5,30.0,2,2012,5,1,0,0
503,2012-05-18,66.6,47.0,51.8,6.0,30.1,2,2012,5,1,0,0
504,2012-05-19,70.0,47.2,45.8,3.5,30.1,2,2012,5,1,0,0
505,2012-05-20,71.4,54.2,56.8,11.0,30.1,2,2012,5,1,0,0
506,2012-05-21,69.9,63.6,80.9,9.3,30.0,2,2012,5,0,0,1
507,2012-05-22,70.1,63.2,78.8,5.1,29.9,2,2012,5,0,0,1
508,2012-05-23,72.8,64.2,75.1,5.4,29.9,2,2012,5,0,0,1
509,2012-05-24,73.3,64.9,76.5,6.7,30.0,2,2012,5,1,0,0
510,2012-05-25,76.2,67.9,76.7,5.9,30.1,2,2012,5,1,0,0
511,2012-05-26,77.1,68.1,74.9,8.1,30.1,2,2012,5,1,0,0
512,2012-05-27,77.6,66.8,70.8,8.7,30.1,2,2012,5,1,0,0
513,2012-05-28,80.3,68.3,67.4,8.3,30.0,2,2012,5,1,0,0
514,2012-05-29,79.4,68.0,70.2,12.6,29.8,2,2012,5,1,0,0
515,2012-05-30,75.4,62.6,66.2,5.8,29.8,2,2012,5,0,0,1
516,2012-05-31,77.4,54.5,47.5,7.8,29.8,2,2012,5,1,0,0
517,2012-06-01,73.6,66.3,79.0,9.5,29.8,2,2012,6,0,0,1
518,2012-06-02,68.2,50.1,55.0,8.2,29.8,2,2012,6,1,0,0
519,2012-06-03,70.1,49.1,49.1,7.6,29.8,2,2012,6,1,0,0
520,2012-06-04,69.6,49.1,49.1,12.6,29.7,2,2012,6,1,0,0
521,2012-06-05,63.2,51.2,66.4,9.6,29.8,2,2012,6,0,0,1
522,2012-06-06,65.8,51.4,61.5,3.6,30.0,2,2012,6,1,0,0
523,2012-06-07,71.2,51.4,53.5,7.7,30.0,2,2012,6,1,0,0
524,2012-06-08,74.5,51.2,46.4,7.2,30.0,2,2012,6,1,0,0
525,2012-06-09,80.2,53.9,43.6,6.5,30.0,2,2012,6,1,0,0
526,2012-06-10,81.3,61.1,53.5,5.7,30.1,2,2012,6,1,0,0
527,2012-06-11,80.5,63.6,58.4,9.0,30.1,2,2012,6,0,0,1
528,2012-06-12,74.9,70.4,85.7,8.9,29.9,2,2012,6,0,0,1
529,2012-06-13,74.5,57.0,58.1,14.8,29.9,2,2012,6,1,0,0
530,2012-06-14,73.8,57.6,57.3,10.3,30.1,2,2012,6,1,0,0
531,2012-06-15,73.2,56.2,58.0,7.3,30.2,2,2012,6,1,0,0
532,2012-06-16,72.7,52.1,49.8,7.0,30.3,2,2012,6,1,0,0
533,2012-06-17,69.2,54.8,60.5,6.3,30.1,2,2012,6,1,0,0
534,2012-06-18,66.1,59.4,78.9,7.2,30.1,2,2012,6,0,0,1
535,2012-06-19,76.9,66.4,70.6,6.1,30.1,2,2012,6,1,0,0
536,2012-06-20,86.4,68.5,58.6,4.7,30.1,2,2012,6,1,0,0
537,2012-06-21,88.3,69.5,56.8,5.1,29.9,3,2012,6,1,0,0
538,2012-06-22,84.7,67.6,58.3,8.6,29.8,3,2012,6,1,0,0
539,2012-06-23,81.9,59.9,51.7,7.5,29.9,3,2012,6,1,0,0
540,2012-06-24,82.7,60.0,48.2,6.3,29.9,3,2012,6,1,0,0
541,2012-06-25,80.3,58.0,49.5,12.7,29.8,3,2012,6,1,0,0
542,2012-06-26,72.5,44.4,37.3,14.3,29.8,3,2012,6,1,0,0
543,2012-06-27,78.6,49.1,36.6,11.3,29.9,3,2012,6,1,0,0
544,2012-06-28,83.5,56.5,42.1,7.0,29.8,3,2012,6,1,0,0
545,2012-06-29,87.8,69.1,56.5,10.4,29.7,3,2012,6,1,0,0
546,2012-06-30,84.9,66.8,59.5,5.2,29.8,3,2012,6,1,0,0
547,2012-07-01,88.8,67.4,52.5,7.1,29.9,3,2012,7,1,0,0
548,2012-07-02,85.9,62.2,46.7,8.2,29.9,3,2012,7,1,0,0
549,2012-07-03,85.4,63.6,51.7,6.5,29.9,3,2012,7,1,0,0
550,2012-07-04,87.6,67.6,53.3,6.7,29.9,3,2012,7,1,0,0
551,2012-07-05,90.3,66.0,45.8,8.2,29.8,3,2012,7,1,0,0
552,2012-07-06,90.3,64.2,44.1,6.3,29.9,3,2012,7,1,0,0
553,2012-07-07,93.2,69.4,49.6,7.0,29.9,3,2012,7,1,0,0
554,2012-07-08,89.2,72.2,58.8,6.2,29.8,3,2012,7,1,0,0
555,2012-07-09,79.2,68.8,72.4,7.7,29.9,3,2012,7,0,0,1
556,2012-07-10,78.7,67.7,70.8,9.2,30.0,3,2012,7,0,0,1
557,2012-07-11,80.3,64.8,62.1,6.3,30.1,3,2012,7,1,0,0
558,2012-07-12,80.2,60.5,52.7,6.0,30.2,3,2012,7,1,0,0
559,2012-07-13,81.6,60.0,48.5,3.7,30.2,3,2012,7,0,0,1
560,2012-07-14,79.3,68.3,70.1,5.6,30.2,3,2012,7,0,0,1
561,2012-07-15,83.2,71.5,70.5,7.3,30.1,3,2012,7,1,0,0
562,2012-07-16,86.0,69.9,59.8,7.9,29.9,3,2012,7,1,0,0
563,2012-07-17,89.4,66.7,50.0,5.6,29.9,3,2012,7,1,0,0
564,2012-07-18,87.7,69.5,56.4,8.4,29.9,3,2012,7,1,0,0
565,2012-07-19,83.3,69.8,65.6,10.4,29.9,3,2012,7,1,0,0
566,2012-07-20,76.0,70.9,84.0,9.1,29.9,3,2012,7,0,0,1
567,2012-07-21,69.5,65.5,87.6,8.7,30.1,3,2012,7,0,1,0
568,2012-07-22,74.8,67.3,78.1,3.7,30.1,3,2012,7,0,0,1
569,2012-07-23,81.7,70.7,71.4,6.0,30.0,3,2012,7,1,0,0
570,2012-07-24,83.3,69.6,64.3,9.2,29.8,3,2012,7,1,0,0
571,2012-07-25,80.7,56.0,44.7,7.6,29.9,3,2012,7,1,0,0
572,2012-07-26,85.5,69.4,60.2,11.1,29.7,3,2012,7,1,0,0
573,2012-07-27,85.8,69.5,59.7,6.7,29.8,3,2012,7,1,0,0
574,2012-07-28,84.0,67.5,59.9,9.1,29.9,3,2012,7,1,0,0
575,2012-07-29,80.8,65.8,61.8,7.5,30.0,3,2012,7,1,0,0
576,2012-07-30,81.1,68.8,67.3,6.6,30.0,3,2012,7,1,0,0
577,2012-07-31,80.9,68.7,67.5,7.2,29.9,3,2012,7,1,0,0
578,2012-08-01,80.5,68.5,67.6,6.3,29.9,3,2012,8,1,0,0
579,2012-08-02,84.1,70.0,64.2,5.5,29.9,3,2012,8,1,0,0
580,2012-08-03,84.7,70.3,63.7,8.9,30.0,3,2012,8,0,0,1
581,2012-08-04,86.9,71.1,61.8,10.6,30.1,3,2012,8,1,0,0
582,2012-08-05,84.9,70.8,64.3,12.3,30.1,3,2012,8,1,0,0
583,2012-08-06,83.3,69.9,65.4,6.2,30.0,3,2012,8,0,0,1
584,2012-08-07,81.8,70.9,70.2,5.0,30.0,3,2012,8,0,0,1
585,2012-08-08,83.3,70.5,66.6,4.7,29.9,3,2012,8,0,0,1
586,2012-08-09,84.5,67.5,59.9,7.8,29.9,3,2012,8,1,0,0
587,2012-08-10,78.8,69.9,74.9,9.5,29.8,3,2012,8,0,0,1
588,2012-08-11,78.3,68.9,74.0,9.1,29.9,3,2012,8,0,0,1
589,2012-08-12,78.8,59.9,53.9,5.2,29.9,3,2012,8,1,0,0
590,2012-08-13,80.6,61.9,54.7,5.7,30.0,3,2012,8,1,0,0
591,2012-08-14,80.5,69.0,69.5,6.6,29.9,3,2012,8,1,0,0
592,2012-08-15,79.5,65.0,61.7,7.3,29.9,3,2012,8,1,0,0
593,2012-08-16,80.7,59.4,51.1,6.4,29.9,3,2012,8,1,0,0
594,2012-08-17,80.5,63.3,58.5,9.6,29.8,3,2012,8,1,0,0
595,2012-08-18,76.3,61.6,63.5,7.4,29.9,3,2012,8,1,0,0
596,2012-08-19,73.0,63.6,72.5,3.6,29.9,3,2012,8,0,0,1
597,2012-08-20,72.8,63.8,74.4,5.4,29.9,3,2012,8,0,0,1
598,2012-08-21,73.8,61.7,67.8,4.1,30.0,3,2012,8,1,0,0
599,2012-08-22,76.1,63.7,66.3,5.1,30.1,3,2012,8,1,0,0
600,2012-08-23,78.5,64.0,63.6,3.3,30.1,3,2012,8,1,0,0
601,2012-08-24,79.2,64.0,61.1,3.0,30.1,3,2012,8,0,0,1
602,2012-08-25,75.7,65.4,70.7,10.4,30.2,3,2012,8,0,0,1
603,2012-08-26,74.3,69.6,84.8,9.4,30.2,3,2012,8,0,0,1
604,2012-08-27,77.8,69.0,75.8,4.6,30.1,3,2012,8,1,0,0
605,2012-08-28,80.9,65.8,63.5,7.9,29.9,3,2012,8,1,0,0
606,2012-08-29,77.4,59.4,55.3,4.8,30.0,3,2012,8,1,0,0
607,2012-08-30,79.0,62.9,59.5,3.4,30.1,3,2012,8,1,0,0
608,2012-08-31,84.8,65.2,57.7,7.2,30.1,3,2012,8,1,0,0
609,2012-09-01,82.1,69.7,67.3,6.1,30.0,3,2012,9,0,0,1
610,2012-09-02,78.8,72.1,80.2,2.9,30.0,3,2012,9,0,0,1
611,2012-09-03,79.7,72.2,78.4,6.3,30.0,3,2012,9,1,0,0
612,2012-09-04,80.5,72.5,77.1,9.0,29.9,3,2012,9,1,0,0
613,2012-09-05,81.9,72.8,74.0,8.5,29.8,3,2012,9,1,0,0
614,2012-09-06,78.5,72.1,81.2,6.0,29.9,3,2012,9,0,0,1
615,2012-09-07,79.4,69.1,72.1,7.2,29.9,3,2012,9,1,0,0
616,2012-09-08,75.3,68.6,80.3,13.7,29.7,3,2012,9,0,0,1
617,2012-09-09,70.7,52.6,55.3,9.3,29.9,3,2012,9,1,0,0
618,2012-09-10,68.2,48.1,50.2,11.0,30.1,3,2012,9,1,0,0
619,2012-09-11,67.8,47.5,51.8,4.3,30.3,3,2012,9,1,0,0
620,2012-09-12,69.5,53.2,58.1,5.5,30.3,3,2012,9,1,0,0
621,2012-09-13,71.0,57.0,63.2,3.7,30.3,3,2012,9,1,0,0
622,2012-09-14,72.9,60.6,66.9,4.6,30.2,3,2012,9,1,0,0
623,2012-09-15,70.8,50.0,49.8,10.3,30.1,3,2012,9,1,0,0
624,2012-09-16,67.9,51.3,56.7,4.2,30.1,3,2012,9,1,0,0
625,2012-09-17,69.3,60.3,73.4,7.0,30.0,3,2012,9,0,0,1
626,2012-09-18,72.1,67.9,86.7,15.2,29.7,3,2012,9,0,0,1
627,2012-09-19,65.5,47.5,53.5,9.2,30.0,3,2012,9,1,0,0
628,2012-09-20,65.1,51.0,61.8,5.1,30.1,3,2012,9,1,0,0
629,2012-09-21,69.5,57.8,67.1,6.3,30.0,3,2012,9,1,0,0
630,2012-09-22,75.4,61.0,62.0,12.0,29.9,3,2012,9,1,0,0
631,2012-09-23,63.2,42.1,46.8,9.3,30.1,4,2012,9,1,0,0
632,2012-09-24,62.0,41.7,49.4,6.8,30.2,4,2012,9,1,0,0
633,2012-09-25,65.2,48.9,57.3,9.9,30.1,4,2012,9,1,0,0
634,2012-09-26,73.4,59.7,63.1,10.6,30.1,4,2012,9,1,0,0
635,2012-09-27,73.9,62.8,69.9,6.0,30.1,4,2012,9,0,0,1
636,2012-09-28,71.4,59.6,68.6,6.7,30.0,4,2012,9,0,0,1
637,2012-09-29,64.3,47.7,55.6,9.1,30.0,4,2012,9,1,0,0
638,2012-09-30,63.2,47.2,57.9,6.5,29.9,4,2012,9,1,0,0
639,2012-10-01,62.7,50.2,65.1,3.9,29.9,4,2012,10,0,0,1
640,2012-10-02,69.6,66.3,89.5,4.7,29.9,4,2012,10,0,1,0
641,2012-10-03,74.0,68.1,83.0,2.9,30.0,4,2012,10,0,0,1
642,2012-10-04,74.7,65.0,73.3,5.0,30.1,4,2012,10,0,0,1
643,2012-10-05,71.3,56.8,62.5,4.6,30.1,4,2012,10,1,0,0
644,2012-10-06,65.6,53.4,66.1,11.1,29.9,4,2012,10,1,0,0
645,2012-10-07,52.9,44.1,73.2,6.3,30.1,4,2012,10,0,0,1
646,2012-10-08,50.1,41.2,71.8,7.9,30.2,4,2012,10,0,0,1
647,2012-10-09,55.0,47.8,77.1,8.1,30.1,4,2012,10,0,0,1
648,2012-10-10,60.8,49.9,69.6,6.5,30.0,4,2012,10,1,0,0
649,2012-10-11,55.2,31.3,45.6,8.1,30.2,4,2012,10,1,0,0
650,2012-10-12,55.3,35.0,54.0,9.8,30.2,4,2012,10,1,0,0
651,2012-10-13,51.0,29.1,50.0,6.8,30.4,4,2012,10,1,0,0
652,2012-10-14,62.9,49.5,63.6,11.5,30.1,4,2012,10,1,0,0
653,2012-10-15,67.0,57.5,71.6,11.7,29.8,4,2012,10,0,0,1
654,2012-10-16,57.9,41.7,55.8,7.5,29.9,4,2012,10,1,0,0
655,2012-10-17,57.2,46.0,68.3,4.2,29.9,4,2012,10,1,0,0
656,2012-10-18,62.5,53.2,72.8,9.8,29.9,4,2012,10,0,0,1
657,2012-10-19,66.7,60.9,82.1,5.8,29.7,4,2012,10,0,0,1
658,2012-10-20,59.5,43.3,57.2,5.5,29.8,4,2012,10,1,0,0
659,2012-10-21,57.6,38.8,51.1,6.9,30.1,4,2012,10,1,0,0
660,2012-10-22,60.1,42.3,55.3,3.7,30.1,4,2012,10,1,0,0
661,2012-10-23,65.7,51.7,62.9,3.8,30.1,4,2012,10,1,0,0
662,2012-10-24,68.8,54.7,63.4,3.0,30.1,4,2012,10,1,0,0
663,2012-10-25,64.8,58.8,81.4,5.8,30.2,4,2012,10,0,0,1
664,2012-10-26,64.8,58.8,81.4,5.8,30.1,4,2012,10,0,0,1
665,2012-10-27,63.2,53.6,72.2,9.9,29.9,4,2012,10,0,0,1
666,2012-10-28,58.5,48.1,69.3,16.8,29.7,4,2012,10,0,0,1
667,2012-10-29,51.0,46.4,84.5,25.1,29.1,4,2012,10,0,1,0
668,2012-10-30,43.3,39.1,85.6,13.2,29.2,4,2012,10,0,0,1
669,2012-10-31,47.9,37.5,68.7,6.8,29.6,4,2012,10,0,0,1
670,2012-11-01,48.8,33.0,57.8,6.4,29.7,4,2012,11,0,0,1
671,2012-11-02,47.8,27.8,52.2,11.5,29.8,4,2012,11,1,0,0
672,2012-11-03,46.7,28.8,50.0,11.4,30.0,4,2012,11,0,0,1
673,2012-11-04,44.9,27.4,54.1,7.7,30.1,4,2012,11,1,0,0
674,2012-11-05,44.3,26.2,49.6,9.7,30.1,4,2012,11,1,0,0
675,2012-11-06,41.2,26.7,57.3,7.5,30.1,4,2012,11,1,0,0
676,2012-11-07,42.2,27.3,55.7,12.7,29.9,4,2012,11,0,0,1
677,2012-11-08,47.2,18.9,34.6,14.9,29.9,4,2012,11,1,0,0
678,2012-11-09,48.3,23.1,55.8,8.6,30.2,4,2012,11,1,0,0
679,2012-11-10,50.9,38.3,64.9,2.4,30.3,4,2012,11,1,0,0
680,2012-11-11,54.0,41.7,66.0,5.4,30.4,4,2012,11,1,0,0
681,2012-11-12,60.0,51.6,74.3,7.7,30.3,4,2012,11,1,0,0
682,2012-11-13,46.1,36.0,69.9,14.3,30.4,4,2012,11,0,0,1
683,2012-11-14,41.8,26.8,56.0,8.1,30.5,4,2012,11,1,0,0
684,2012-11-15,44.8,27.2,61.9,6.4,30.4,4,2012,11,0,0,1
685,2012-11-16,46.7,24.4,52.7,7.2,30.4,4,2012,11,1,0,0
686,2012-11-17,45.2,29.0,54.9,7.5,30.5,4,2012,11,1,0,0
687,2012-11-18,46.8,37.3,69.7,9.6,30.6,4,2012,11,1,0,0
688,2012-11-19,49.9,37.5,62.9,9.4,30.4,4,2012,11,0,0,1
689,2012-11-20,49.4,39.4,69.2,3.4,30.1,4,2012,11,0,0,1
690,2012-11-21,47.6,30.6,61.3,4.5,30.2,4,2012,11,1,0,0
691,2012-11-22,46.3,28.3,58.4,2.2,30.2,4,2012,11,1,0,0
692,2012-11-23,49.5,26.1,55.9,6.7,29.9,4,2012,11,1,0,0
693,2012-11-24,40.3,18.2,41.1,15.4,30.0,4,2012,11,1,0,0
694,2012-11-25,37.7,19.7,48.8,6.1,30.0,4,2012,11,1,0,0
695,2012-11-26,44.4,26.1,53.6,2.1,30.1,4,2012,11,1,0,0
696,2012-11-27,41.9,30.6,80.1,10.3,30.2,4,2012,11,0,0,1
697,2012-11-28,42.5,21.3,49.8,8.5,30.3,4,2012,11,1,0,0
698,2012-11-29,40.6,25.8,57.5,4.6,30.4,4,2012,11,1,0,0
699,2012-11-30,42.8,29.9,65.8,2.1,30.3,4,2012,11,1,0,0
700,2012-12-01,42.3,37.1,81.9,3.3,30.4,4,2012,12,0,0,1
701,2012-12-02,44.9,40.5,85.0,4.3,30.3,4,2012,12,0,0,1
702,2012-12-03,56.5,48.8,76.8,3.4,30.2,4,2012,12,1,0,0
703,2012-12-04,59.0,49.6,72.3,7.5,30.1,4,2012,12,1,0,0
704,2012-12-05,54.5,33.6,48.8,13.5,30.1,4,2012,12,1,0,0
705,2012-12-06,38.6,22.3,52.7,7.3,30.3,4,2012,12,1,0,0
706,2012-12-07,45.5,37.6,77.2,5.8,30.1,4,2012,12,0,0,1
707,2012-12-08,49.8,47.7,92.6,4.2,29.9,4,2012,12,0,0,1
708,2012-12-09,49.9,47.5,92.0,5.8,30.1,4,2012,12,0,0,1
709,2012-12-10,54.8,53.0,94.0,7.2,29.7,4,2012,12,0,0,1
710,2012-12-11,48.2,29.5,59.6,12.7,30.0,4,2012,12,0,0,1
711,2012-12-12,42.6,26.9,54.2,7.2,30.4,4,2012,12,0,0,1
712,2012-12-13,42.3,24.1,49.5,7.0,30.4,4,2012,12,1,0,0
713,2012-12-14,41.3,25.8,64.9,5.3,30.3,4,2012,12,1,0,0
714,2012-12-15,45.2,24.4,64.3,4.4,30.2,4,2012,12,1,0,0
715,2012-12-16,48.3,44.2,85.3,3.7,30.0,4,2012,12,0,0,1
716,2012-12-17,51.6,49.1,91.8,5.0,29.7,4,2012,12,0,0,1
717,2012-12-18,52.7,39.4,68.9,9.1,29.6,4,2012,12,1,0,0
718,2012-12-19,45.9,23.9,62.6,7.9,30.0,4,2012,12,1,0,0
719,2012-12-20,46.1,29.7,70.5,6.8,29.9,4,2012,12,0,0,1
720,2012-12-21,47.1,32.2,60.9,16.0,29.4,1,2012,12,0,0,1
721,2012-12-22,40.0,19.5,44.3,16.6,29.8,1,2012,12,1,0,0
722,2012-12-23,38.0,21.7,53.4,5.1,30.0,1,2012,12,1,0,0
723,2012-12-24,36.9,30.4,81.2,3.8,30.0,1,2012,12,0,0,1
724,2012-12-25,40.2,32.1,79.5,6.1,30.1,1,2012,12,0,0,1
725,2012-12-26,37.0,32.0,86.6,14.1,29.8,1,2012,12,0,1,0
726,2012-12-27,38.5,27.9,69.5,14.7,29.7,1,2012,12,0,0,1
727,2012-12-28,38.7,25.5,59.5,6.5,30.1,1,2012,12,0,0,1
728,2012-12-29,37.5,23.0,81.3,4.3,29.8,1,2012,12,0,0,1
729,2012-12-30,38.2,19.5,47.4,15.0,30.1,1,2012,12,1,0,0
730,2012-12-31,35.7,21.7,57.6,6.6,30.2,1,2012,12,0,0,1
